order_id,product,product_id,quantity,date,shipping_address
295665,"Macbook Pro Laptop",P1001,1,"30-12-2019 00:01","136 Church St, New York City, NY 10001"
295666,"LG Washing Machine",P1002,1,"29-12-2019 07:03","562 2nd St, New York City, NY 10001"
295667,"USB-C Charging Cable",P1003,1,"12-12-2019 18:21","277 Main St, New York City, NY 10001"
295668,"27in FHD Monitor",P1004,1,"12-06-2019 09:38","410 6th St, San Francisco, CA 94016"
295669,"USB-C Charging Cable",P1003,1,"12-01-2019 14:30","43 Hill St, Atlanta, GA 30301"
295670,"AA Batteries (4-pack)",P1005,1,"12-04-2019 12:29","200 Jefferson St, New York City, NY 10001"
295671,"USB-C Charging Cable",P1003,1,"12-11-2019 22:54","928 12th St, Portland, OR 97035"
295672,"USB-C Charging Cable",P1003,2,"12-10-2019 00:38","813 Hickory St, Dallas, TX 75001"
295673,"Bose SoundSport Headphones",P1006,1,"12-08-2019 11:21","718 Wilson St, Dallas, TX 75001"
295674,"AAA Batteries (4-pack)",P1007,4,"12-04-2019 00:44","77 7th St, Dallas, TX 75001"
295675,"USB-C Charging Cable",P1003,2,"12-12-2019 00:20","594 1st St, San Francisco, CA 94016"
295676,"ThinkPad Laptop",P1008,1,"12-12-2019 20:08","410 Lincoln St, Los Angeles, CA 90001"
295677,"AA Batteries (4-pack)",P1005,2,"12-07-2019 11:01","866 Pine St, Boston, MA 02215"
295678,"AAA Batteries (4-pack)",P1007,2,"12-04-2019 13:43","187 Lincoln St, Dallas, TX 75001"
295679,"USB-C Charging Cable",P1003,1,"12-10-2019 20:02","902 2nd St, Dallas, TX 75001"
295680,"Lightning Charging Cable",P1009,1,"12-03-2019 23:28","338 Main St, Austin, TX 73301"
295681,"Google Phone",P1010,1,"12-08-2019 18:22","79 Elm St, Boston, MA 02215"
295681,"USB-C Charging Cable",P1003,1,"12-08-2019 23:46","79 Elm St, Boston, MA 02215"
295681,"Bose SoundSport Headphones",P1006,1,"12-07-2019 13:59","79 Elm St, Boston, MA 02215"
295681,"Wired Headphones",P1011,1,"12-03-2019 14:19","79 Elm St, Boston, MA 02215"
295682,"USB-C Charging Cable",P1003,1,"12-05-2019 15:01","780 Elm St, Portland, OR 97035"
295683,"Wired Headphones",P1011,1,"12-01-2019 20:36","341 Lake St, San Francisco, CA 94016"
295684,"AAA Batteries (4-pack)",P1007,4,"12-02-2019 21:39","936 Church St, San Francisco, CA 94016"
295685,"Wired Headphones",P1011,1,"12-09-2019 23:45","662 Ridge St, San Francisco, CA 94016"
295686,"USB-C Charging Cable",P1003,1,"12-03-2019 11:52","573 Maple St, Portland, ME 04101"
295687,"Apple Airpods Headphones",P1012,1,"12-10-2019 21:50","531 Ridge St, Boston, MA 02215"
295688,"Apple Airpods Headphones",P1012,1,"12-07-2019 19:39","546 Park St, Los Angeles, CA 90001"
295689,"LG Washing Machine",P1002,1,"12-04-2019 05:24","173 Lake St, San Francisco, CA 94016"
295690,"Apple Airpods Headphones",P1012,1,"12-11-2019 12:29","174 Cedar St, Seattle, WA 98101"
295691,"Bose SoundSport Headphones",P1006,1,"12-07-2019 19:26","102 Johnson St, Los Angeles, CA 90001"
295692,"AA Batteries (4-pack)",P1005,2,"12-02-2019 22:44","640 Cherry St, Los Angeles, CA 90001"
295693,"Wired Headphones",P1011,1,"12-05-2019 08:59","856 12th St, Atlanta, GA 30301"
295694,"Lightning Charging Cable",P1009,1,"12-04-2019 08:16","310 Pine St, Dallas, TX 75001"
295695,"Lightning Charging Cable",P1009,1,"12-01-2019 14:44","903 Lincoln St, Boston, MA 02215"
295696,"Lightning Charging Cable",P1009,1,"12-08-2019 20:22","252 Hickory St, San Francisco, CA 94016"
295697,"ThinkPad Laptop",P1008,1,"12-07-2019 20:09","742 River St, San Francisco, CA 94016"
295698,"Vareebadd Phone",P1013,1,"12-04-2019 15:02","175 1st St, New York City, NY 10001"
295698,"USB-C Charging Cable",P1003,2,"12-09-2019 19:47","175 1st St, New York City, NY 10001"
295699,"AA Batteries (4-pack)",P1005,1,"12-08-2019 21:09","162 Maple St, Seattle, WA 98101"
295700,"Bose SoundSport Headphones",P1006,1,"12-08-2019 12:32","363 Hickory St, New York City, NY 10001"
295701,"Bose SoundSport Headphones",P1006,1,"12-06-2019 12:41","751 North St, San Francisco, CA 94016"
295702,"Wired Headphones",P1011,2,"12-06-2019 12:41","628 River St, Austin, TX 73301"
295703,"AA Batteries (4-pack)",P1005,1,"12-09-2019 20:35","502 Jefferson St, Austin, TX 73301"
295703,"Bose SoundSport Headphones",P1006,1,"12-05-2019 15:09","502 Jefferson St, Austin, TX 73301"
295704,"Wired Headphones",P1011,1,"12-05-2019 19:20","457 8th St, New York City, NY 10001"
295705,"Wired Headphones",P1011,1,"12-08-2019 20:01","133 Jackson St, New York City, NY 10001"
295706,"AAA Batteries (4-pack)",P1007,3,"12-05-2019 12:10","599 Hill St, Los Angeles, CA 90001"
295707,"Lightning Charging Cable",P1009,1,"12-11-2019 19:45","547 Ridge St, San Francisco, CA 94016"
295708,"27in FHD Monitor",P1004,1,"12-06-2019 14:55","846 9th St, Boston, MA 02215"
295709,"Bose SoundSport Headphones",P1006,1,"12-01-2019 08:16","662 6th St, San Francisco, CA 94016"
295710,"AAA Batteries (4-pack)",P1007,1,"12-11-2019 21:07","729 Pine St, Atlanta, GA 30301"
295711,"AAA Batteries (4-pack)",P1007,2,"12-07-2019 16:28","489 Johnson St, San Francisco, CA 94016"
295712,"Macbook Pro Laptop",P1001,1,"12-04-2019 13:53","331 Madison St, New York City, NY 10001"
295713,"Bose SoundSport Headphones",P1006,1,"12-04-2019 13:53","490 Spruce St, New York City, NY 10001"
295714,iPhone,P1014,1,"12-10-2019 02:12","826 Hickory St, Los Angeles, CA 90001"
295715,"USB-C Charging Cable",P1003,2,"12-07-2019 14:18","169 Maple St, Seattle, WA 98101"
295716,"20in Monitor",P1015,1,"12-01-2019 18:25","593 9th St, Los Angeles, CA 90001"
295717,"Macbook Pro Laptop",P1001,1,"12-07-2019 22:52","82 10th St, San Francisco, CA 94016"
295718,"Lightning Charging Cable",P1009,1,"12-01-2019 15:29","785 Chestnut St, San Francisco, CA 94016"
295719,"27in FHD Monitor",P1004,1,"12-03-2019 12:44","334 2nd St, Los Angeles, CA 90001"
295720,"AA Batteries (4-pack)",P1005,1,"12-11-2019 17:08","298 Ridge St, New York City, NY 10001"
295721,"34in Ultrawide Monitor",P1016,1,"12-05-2019 16:54","915 1st St, Seattle, WA 98101"
295722,"Wired Headphones",P1011,1,"12-12-2019 17:43","380 Lake St, San Francisco, CA 94016"
295723,"AA Batteries (4-pack)",P1005,1,"12-08-2019 00:13","530 Walnut St, Los Angeles, CA 90001"
295724,"AA Batteries (4-pack)",P1005,2,"12-05-2019 15:17","570 Walnut St, Dallas, TX 75001"
295725,"AAA Batteries (4-pack)",P1007,3,"12-01-2019 12:59","911 River St, San Francisco, CA 94016"
295726,iPhone,P1014,1,"12-03-2019 14:22","203 Lakeview St, Boston, MA 02215"
295726,"Lightning Charging Cable",P1009,1,"12-12-2019 11:14","203 Lakeview St, Boston, MA 02215"
295727,"Bose SoundSport Headphones",P1006,1,"12-03-2019 15:18","5 Dogwood St, San Francisco, CA 94016"
295728,"27in FHD Monitor",P1004,1,"12-06-2019 13:57","366 Washington St, New York City, NY 10001"
295729,"34in Ultrawide Monitor",P1016,1,"12-09-2019 17:01","432 1st St, Dallas, TX 75001"
295730,"34in Ultrawide Monitor",P1016,1,"12-11-2019 16:54","574 West St, San Francisco, CA 94016"
295731,"USB-C Charging Cable",P1003,1,"12-08-2019 19:00","33 9th St, San Francisco, CA 94016"
295732,"Apple Airpods Headphones",P1012,1,"12-02-2019 18:36","860 Washington St, Boston, MA 02215"
295733,"27in FHD Monitor",P1004,1,"12-05-2019 11:59","228 5th St, Boston, MA 02215"
295734,"AAA Batteries (4-pack)",P1007,1,"12-05-2019 13:02","453 Jackson St, Portland, OR 97035"
295735,iPhone,P1014,1,"12-08-2019 11:55","374 Lincoln St, New York City, NY 10001"
295735,"Apple Airpods Headphones",P1012,1,"12-05-2019 20:02","374 Lincoln St, New York City, NY 10001"
295735,"Wired Headphones",P1011,1,"12-06-2019 23:48","374 Lincoln St, New York City, NY 10001"
295736,"USB-C Charging Cable",P1003,2,"12-11-2019 20:55","523 Lincoln St, San Francisco, CA 94016"
295737,iPhone,P1014,1,"12-10-2019 22:14","966 10th St, Atlanta, GA 30301"
295737,"Lightning Charging Cable",P1009,1,"12-01-2019 13:53","966 10th St, Atlanta, GA 30301"
295738,"AAA Batteries (4-pack)",P1007,1,"12-07-2019 08:42","829 7th St, Dallas, TX 75001"
295739,"USB-C Charging Cable",P1003,1,"12-02-2019 11:58","949 Wilson St, Los Angeles, CA 90001"
295740,"USB-C Charging Cable",P1003,1,"12-10-2019 07:01","102 Cedar St, New York City, NY 10001"
295741,"Apple Airpods Headphones",P1012,1,"12-10-2019 07:01","829 Johnson St, Boston, MA 02215"
295742,"Apple Airpods Headphones",P1012,1,"12-01-2019 19:49","368 Sunset St, New York City, NY 10001"
295743,"USB-C Charging Cable",P1003,1,"12-12-2019 19:53","346 South St, New York City, NY 10001"
295744,"AA Batteries (4-pack)",P1005,2,"12-10-2019 19:57","579 Lake St, San Francisco, CA 94016"
295745,"Flatscreen TV",P1017,1,"12-01-2019 14:56","124 Lakeview St, New York City, NY 10001"
295746,"27in FHD Monitor",P1004,1,"12-10-2019 14:32","143 Adams St, New York City, NY 10001"
295747,"AA Batteries (4-pack)",P1005,3,"12-08-2019 08:11","11 8th St, San Francisco, CA 94016"
295748,"Wired Headphones",P1011,1,"12-08-2019 20:10","45 Church St, Boston, MA 02215"
295749,"Wired Headphones",P1011,2,"12-07-2019 08:48","983 Highland St, Los Angeles, CA 90001"
295750,"Bose SoundSport Headphones",P1006,1,"12-04-2019 13:32","25 Lincoln St, San Francisco, CA 94016"
295751,"AAA Batteries (4-pack)",P1007,1,"12-06-2019 10:20","922 Hickory St, Los Angeles, CA 90001"
295752,"Google Phone",P1010,1,"12-09-2019 11:44","341 Forest St, Dallas, TX 75001"
295753,"34in Ultrawide Monitor",P1016,1,"12-02-2019 10:25","365 Washington St, Dallas, TX 75001"
295753,"Lightning Charging Cable",P1009,1,"12-04-2019 18:36","365 Washington St, Dallas, TX 75001"
295754,"Lightning Charging Cable",P1009,1,"12-08-2019 10:21","502 Cherry St, Austin, TX 73301"
295755,"Apple Airpods Headphones",P1012,1,"12-03-2019 21:52","32 1st St, Boston, MA 02215"
295756,"34in Ultrawide Monitor",P1016,1,"12-12-2019 10:09","20 Wilson St, Atlanta, GA 30301"
295757,"AA Batteries (4-pack)",P1005,1,"12-05-2019 13:18","819 Lake St, Portland, OR 97035"
295758,"Wired Headphones",P1011,1,"12-10-2019 11:08","910 Jackson St, New York City, NY 10001"
295759,"Bose SoundSport Headphones",P1006,1,"12-03-2019 23:08","15 Pine St, New York City, NY 10001"
295759,"Wired Headphones",P1011,1,"12-12-2019 11:54","15 Pine St, New York City, NY 10001"
295760,"Bose SoundSport Headphones",P1006,1,"12-07-2019 02:15","239 4th St, Atlanta, GA 30301"
295761,"Lightning Charging Cable",P1009,1,"12-09-2019 17:50","79 Chestnut St, Dallas, TX 75001"
295762,iPhone,P1014,1,"12-10-2019 08:08","342 9th St, New York City, NY 10001"
295763,"27in FHD Monitor",P1004,1,"12-06-2019 10:46","594 4th St, Los Angeles, CA 90001"
295764,"Lightning Charging Cable",P1009,1,"12-11-2019 22:21","734 Hill St, New York City, NY 10001"
295765,"Wired Headphones",P1011,1,"12-10-2019 12:56","918 4th St, Seattle, WA 98101"
295766,"Lightning Charging Cable",P1009,1,"12-06-2019 19:07","795 8th St, Seattle, WA 98101"
295767,"AAA Batteries (4-pack)",P1007,1,"12-02-2019 06:33","891 7th St, New York City, NY 10001"
295768,"AAA Batteries (4-pack)",P1007,2,"12-12-2019 17:30","98 Johnson St, New York City, NY 10001"
295769,"Bose SoundSport Headphones",P1006,1,"12-09-2019 07:45","309 6th St, San Francisco, CA 94016"
295770,"Bose SoundSport Headphones",P1006,1,"12-05-2019 18:35","307 South St, San Francisco, CA 94016"
295771,"AAA Batteries (4-pack)",P1007,1,"12-02-2019 19:03","352 Meadow St, San Francisco, CA 94016"
295772,"Lightning Charging Cable",P1009,1,"12-10-2019 18:09","44 Main St, Atlanta, GA 30301"
295773,"Apple Airpods Headphones",P1012,1,"12-06-2019 13:18","632 Cherry St, Los Angeles, CA 90001"
295774,"Bose SoundSport Headphones",P1006,1,"12-03-2019 23:30","196 Wilson St, Los Angeles, CA 90001"
295775,"Google Phone",P1010,1,"12-07-2019 11:08","439 Jefferson St, Dallas, TX 75001"
295776,"USB-C Charging Cable",P1003,1,"12-06-2019 19:25","552 Hill St, Atlanta, GA 30301"
295777,"AAA Batteries (4-pack)",P1007,1,"12-11-2019 11:52","598 14th St, Atlanta, GA 30301"
295778,"AA Batteries (4-pack)",P1005,1,"12-12-2019 12:10","820 Adams St, San Francisco, CA 94016"
295779,"Wired Headphones",P1011,1,"12-03-2019 03:34","201 Madison St, Los Angeles, CA 90001"
295780,"USB-C Charging Cable",P1003,1,"12-05-2019 09:59","864 Hickory St, Boston, MA 02215"
295781,"USB-C Charging Cable",P1003,1,"12-04-2019 18:45","413 Forest St, Boston, MA 02215"
295782,"34in Ultrawide Monitor",P1016,1,"12-03-2019 17:58","544 South St, Dallas, TX 75001"
295783,"Vareebadd Phone",P1013,1,"12-12-2019 00:02","87 5th St, San Francisco, CA 94016"
295783,"USB-C Charging Cable",P1003,1,"12-07-2019 20:08","87 5th St, San Francisco, CA 94016"
295784,"USB-C Charging Cable",P1003,1,"12-11-2019 13:16","935 Jackson St, Seattle, WA 98101"
295785,"Bose SoundSport Headphones",P1006,1,"12-05-2019 18:46","801 West St, Boston, MA 02215"
295786,"USB-C Charging Cable",P1003,1,"12-02-2019 18:09","859 12th St, Atlanta, GA 30301"
295786,"Apple Airpods Headphones",P1012,1,"12-07-2019 14:03","859 12th St, Atlanta, GA 30301"
295787,"USB-C Charging Cable",P1003,1,"12-12-2019 15:16","458 Elm St, Atlanta, GA 30301"
295788,"AA Batteries (4-pack)",P1005,1,"12-08-2019 18:59","885 Lincoln St, Los Angeles, CA 90001"
295789,"Lightning Charging Cable",P1009,1,"12-05-2019 18:59","157 Main St, Austin, TX 73301"
295790,"Lightning Charging Cable",P1009,1,"12-03-2019 11:12","420 Center St, Los Angeles, CA 90001"
295791,"USB-C Charging Cable",P1003,1,"12-12-2019 21:06","286 North St, New York City, NY 10001"
295792,"Lightning Charging Cable",P1009,1,"12-05-2019 12:41","5 11th St, San Francisco, CA 94016"
295793,"Google Phone",P1010,1,"12-09-2019 20:45","275 Jackson St, San Francisco, CA 94016"
295793,"USB-C Charging Cable",P1003,1,"12-09-2019 16:32","275 Jackson St, San Francisco, CA 94016"
295794,"27in 4K Gaming Monitor",P1018,1,"12-11-2019 16:35","796 Chestnut St, Boston, MA 02215"
295795,"Apple Airpods Headphones",P1012,1,"12-05-2019 11:12","177 Walnut St, Los Angeles, CA 90001"
295796,"Lightning Charging Cable",P1009,1,"12-08-2019 22:10","677 Lakeview St, Seattle, WA 98101"
295797,"Wired Headphones",P1011,1,"12-05-2019 11:30","163 Washington St, Portland, ME 04101"
295798,"Wired Headphones",P1011,1,"12-12-2019 22:54","372 Chestnut St, Austin, TX 73301"
295799,"AAA Batteries (4-pack)",P1007,1,"12-11-2019 12:47","236 Elm St, Los Angeles, CA 90001"
295800,"AAA Batteries (4-pack)",P1007,1,"12-03-2019 15:19","140 10th St, Atlanta, GA 30301"
295801,"Lightning Charging Cable",P1009,1,"12-02-2019 21:40","943 Johnson St, San Francisco, CA 94016"
295802,"34in Ultrawide Monitor",P1016,1,"12-05-2019 14:04","838 Ridge St, San Francisco, CA 94016"
295803,"Lightning Charging Cable",P1009,1,"12-11-2019 11:07","513 Maple St, Los Angeles, CA 90001"
295804,"Apple Airpods Headphones",P1012,1,"12-04-2019 01:44","705 4th St, Los Angeles, CA 90001"
295805,"Wired Headphones",P1011,1,"12-06-2019 18:05","528 Willow St, New York City, NY 10001"
295806,"Lightning Charging Cable",P1009,1,"12-12-2019 15:49","323 Forest St, Dallas, TX 75001"
295807,"20in Monitor",P1015,1,"12-01-2019 09:12","286 Lincoln St, Los Angeles, CA 90001"
295808,"AAA Batteries (4-pack)",P1007,1,"12-03-2019 19:59","961 Jackson St, San Francisco, CA 94016"
295809,"27in FHD Monitor",P1004,1,"12-10-2019 18:32","602 Ridge St, San Francisco, CA 94016"
295810,"Lightning Charging Cable",P1009,1,"12-05-2019 20:27","499 13th St, San Francisco, CA 94016"
295811,"AAA Batteries (4-pack)",P1007,1,"12-11-2019 20:51","792 7th St, New York City, NY 10001"
295812,"AA Batteries (4-pack)",P1005,1,"12-07-2019 17:35","359 12th St, Seattle, WA 98101"
295813,"Bose SoundSport Headphones",P1006,1,"12-03-2019 08:38","901 Madison St, New York City, NY 10001"
295814,"AA Batteries (4-pack)",P1005,3,"12-02-2019 09:53","987 Cherry St, Los Angeles, CA 90001"
295815,"Lightning Charging Cable",P1009,1,"12-06-2019 22:43","464 Willow St, Boston, MA 02215"
295816,"USB-C Charging Cable",P1003,1,"12-09-2019 17:46","253 Jefferson St, Atlanta, GA 30301"
295817,"USB-C Charging Cable",P1003,1,"12-11-2019 13:24","963 Washington St, Austin, TX 73301"
295817,"20in Monitor",P1015,1,"12-07-2019 08:38","963 Washington St, Austin, TX 73301"
295818,"Wired Headphones",P1011,1,"12-02-2019 20:21","725 Wilson St, Boston, MA 02215"
295819,"Lightning Charging Cable",P1009,1,"12-06-2019 19:18","138 Highland St, Portland, OR 97035"
295820,"Bose SoundSport Headphones",P1006,1,"12-06-2019 19:18","51 Highland St, San Francisco, CA 94016"
295821,"Bose SoundSport Headphones",P1006,1,"12-11-2019 04:19","65 Center St, Boston, MA 02215"
295822,"Google Phone",P1010,1,"12-09-2019 18:21","307 Wilson St, San Francisco, CA 94016"
295822,"Wired Headphones",P1011,1,"12-09-2019 18:21","307 Wilson St, San Francisco, CA 94016"
295823,iPhone,P1014,1,"12-07-2019 18:22","852 Maple St, Austin, TX 73301"
295824,"Wired Headphones",P1011,1,"12-05-2019 20:25","611 North St, New York City, NY 10001"
295825,"Apple Airpods Headphones",P1012,1,"12-06-2019 13:01","189 Pine St, Atlanta, GA 30301"
295826,"USB-C Charging Cable",P1003,1,"12-07-2019 09:04","765 Washington St, San Francisco, CA 94016"
295827,"Bose SoundSport Headphones",P1006,1,"12-01-2019 23:00","486 4th St, Los Angeles, CA 90001"
295828,"USB-C Charging Cable",P1003,1,"12-08-2019 23:12","984 Chestnut St, San Francisco, CA 94016"
295829,"Google Phone",P1010,1,"12-04-2019 14:00","904 13th St, Atlanta, GA 30301"
295829,"USB-C Charging Cable",P1003,1,"12-11-2019 21:25","904 13th St, Atlanta, GA 30301"
295830,"Bose SoundSport Headphones",P1006,1,"12-08-2019 20:30","515 Main St, New York City, NY 10001"
295831,"27in 4K Gaming Monitor",P1018,1,"12-10-2019 20:30","335 Chestnut St, Dallas, TX 75001"
295832,"AA Batteries (4-pack)",P1005,2,"12-02-2019 22:57","972 Sunset St, Boston, MA 02215"
295833,"USB-C Charging Cable",P1003,1,"12-08-2019 16:48","673 Church St, Atlanta, GA 30301"
295834,"Google Phone",P1010,1,"12-09-2019 14:18","847 Lakeview St, San Francisco, CA 94016"
295835,"USB-C Charging Cable",P1003,1,"12-12-2019 17:23","892 Adams St, Austin, TX 73301"
295836,"Lightning Charging Cable",P1009,1,"12-01-2019 10:12","686 Cedar St, San Francisco, CA 94016"
295837,"Bose SoundSport Headphones",P1006,1,"12-09-2019 16:44","654 Highland St, Los Angeles, CA 90001"
295838,"34in Ultrawide Monitor",P1016,1,"12-10-2019 22:31","321 8th St, San Francisco, CA 94016"
295839,"Apple Airpods Headphones",P1012,1,"12-08-2019 09:26","340 Lakeview St, Seattle, WA 98101"
295840,"27in 4K Gaming Monitor",P1018,1,"12-11-2019 17:56","442 10th St, Los Angeles, CA 90001"
295841,"Wired Headphones",P1011,1,"12-09-2019 14:42","610 Madison St, Atlanta, GA 30301"
295842,"Apple Airpods Headphones",P1012,1,"12-06-2019 10:27","50 5th St, Los Angeles, CA 90001"
295843,"Bose SoundSport Headphones",P1006,1,"12-08-2019 02:23","700 West St, San Francisco, CA 94016"
295844,"AA Batteries (4-pack)",P1005,1,"12-11-2019 12:22","663 12th St, Atlanta, GA 30301"
295845,"Lightning Charging Cable",P1009,1,"12-11-2019 19:16","955 Sunset St, San Francisco, CA 94016"
295846,"Flatscreen TV",P1017,1,"12-07-2019 14:04","453 Johnson St, Atlanta, GA 30301"
295847,"34in Ultrawide Monitor",P1016,1,"12-04-2019 11:28","40 Madison St, Dallas, TX 75001"
295848,"Lightning Charging Cable",P1009,1,"12-04-2019 08:51","675 Chestnut St, San Francisco, CA 94016"
295849,"Wired Headphones",P1011,2,"12-06-2019 22:03","121 2nd St, New York City, NY 10001"
295850,"USB-C Charging Cable",P1003,1,"12-04-2019 20:08","480 1st St, Los Angeles, CA 90001"
295851,iPhone,P1014,1,"12-06-2019 01:31","197 2nd St, Boston, MA 02215"
295852,"ThinkPad Laptop",P1008,1,"12-07-2019 08:03","639 Sunset St, Los Angeles, CA 90001"
295853,"Wired Headphones",P1011,1,"12-04-2019 00:04","982 Cedar St, New York City, NY 10001"
295854,iPhone,P1014,1,"12-04-2019 14:26","183 Hickory St, Austin, TX 73301"
295855,"20in Monitor",P1015,1,"12-04-2019 07:37","584 9th St, Boston, MA 02215"
295856,"USB-C Charging Cable",P1003,1,"12-09-2019 08:25","214 7th St, Boston, MA 02215"
295857,"USB-C Charging Cable",P1003,1,"12-10-2019 19:23","984 Jefferson St, Portland, OR 97035"
295858,"AAA Batteries (4-pack)",P1007,1,"12-04-2019 21:52","218 7th St, Dallas, TX 75001"
295859,"USB-C Charging Cable",P1003,1,"12-05-2019 15:49","588 Washington St, Los Angeles, CA 90001"
295860,"USB-C Charging Cable",P1003,1,"12-01-2019 10:44","227 Cherry St, New York City, NY 10001"
295861,"Lightning Charging Cable",P1009,1,"12-11-2019 15:04","510 Sunset St, New York City, NY 10001"
295862,"AAA Batteries (4-pack)",P1007,1,"12-02-2019 10:35","654 12th St, Portland, ME 04101"
295863,"AA Batteries (4-pack)",P1005,1,"12-05-2019 18:37","736 Ridge St, Atlanta, GA 30301"
295864,"27in 4K Gaming Monitor",P1018,1,"12-09-2019 13:13","434 4th St, Austin, TX 73301"
295865,"Bose SoundSport Headphones",P1006,1,"12-07-2019 19:30","92 2nd St, Los Angeles, CA 90001"
295866,"Wired Headphones",P1011,1,"12-08-2019 15:10","281 West St, Los Angeles, CA 90001"
295867,"Wired Headphones",P1011,1,"12-02-2019 16:49","943 Cedar St, San Francisco, CA 94016"
295868,"USB-C Charging Cable",P1003,1,"12-04-2019 16:24","547 12th St, Boston, MA 02215"
295869,"Lightning Charging Cable",P1009,1,"12-09-2019 12:28","4 Main St, Los Angeles, CA 90001"
295870,"Lightning Charging Cable",P1009,1,"12-02-2019 20:36","955 13th St, San Francisco, CA 94016"
295871,"Macbook Pro Laptop",P1001,1,"12-02-2019 21:20","661 Park St, Dallas, TX 75001"
295872,"34in Ultrawide Monitor",P1016,1,"12-12-2019 10:04","845 Forest St, Los Angeles, CA 90001"
295873,"Google Phone",P1010,1,"12-03-2019 13:05","919 Chestnut St, New York City, NY 10001"
295874,"Wired Headphones",P1011,1,"12-07-2019 21:00","78 Sunset St, San Francisco, CA 94016"
295875,"Lightning Charging Cable",P1009,1,"12-09-2019 23:55","898 Jefferson St, Los Angeles, CA 90001"
295876,"AA Batteries (4-pack)",P1005,1,"12-08-2019 23:54","646 12th St, Atlanta, GA 30301"
295877,"27in FHD Monitor",P1004,1,"12-11-2019 18:04","721 1st St, Los Angeles, CA 90001"
295878,"USB-C Charging Cable",P1003,1,"12-11-2019 18:04","294 10th St, Los Angeles, CA 90001"
295879,"34in Ultrawide Monitor",P1016,1,"12-01-2019 15:05","893 Park St, Boston, MA 02215"
295880,"AA Batteries (4-pack)",P1005,1,"12-01-2019 11:47","900 Madison St, San Francisco, CA 94016"
295881,"USB-C Charging Cable",P1003,1,"12-11-2019 14:52","316 River St, San Francisco, CA 94016"
295882,"Wired Headphones",P1011,1,"12-06-2019 17:57","301 Jackson St, Austin, TX 73301"
295883,"27in 4K Gaming Monitor",P1018,1,"12-06-2019 08:05","305 North St, New York City, NY 10001"
295884,"AAA Batteries (4-pack)",P1007,1,"12-04-2019 16:58","198 Walnut St, San Francisco, CA 94016"
295885,iPhone,P1014,1,"12-06-2019 20:51","223 5th St, Dallas, TX 75001"
295886,"Wired Headphones",P1011,1,"12-10-2019 16:46","352 2nd St, Los Angeles, CA 90001"
295887,"Wired Headphones",P1011,1,"12-02-2019 09:02","827 Lake St, Seattle, WA 98101"
295888,"Lightning Charging Cable",P1009,1,"12-03-2019 23:15","628 Church St, Los Angeles, CA 90001"
295889,"USB-C Charging Cable",P1003,1,"12-04-2019 22:53","300 Cherry St, New York City, NY 10001"
295890,"ThinkPad Laptop",P1008,1,"12-07-2019 12:48","254 Elm St, San Francisco, CA 94016"
295891,"27in 4K Gaming Monitor",P1018,1,"12-06-2019 20:46","854 North St, Atlanta, GA 30301"
295892,"USB-C Charging Cable",P1003,1,"12-09-2019 14:35","534 Walnut St, Portland, OR 97035"
295893,"AAA Batteries (4-pack)",P1007,1,"12-04-2019 16:09","517 13th St, San Francisco, CA 94016"
295894,"27in FHD Monitor",P1004,1,"12-08-2019 15:22","9 Center St, Los Angeles, CA 90001"
295895,"AAA Batteries (4-pack)",P1007,1,"12-06-2019 12:50","539 Forest St, San Francisco, CA 94016"
295896,"Flatscreen TV",P1017,1,"12-03-2019 23:07","929 Dogwood St, Los Angeles, CA 90001"
295897,"27in FHD Monitor",P1004,1,"12-01-2019 17:54","478 13th St, Portland, OR 97035"
295898,"AA Batteries (4-pack)",P1005,1,"12-07-2019 09:49","375 Spruce St, San Francisco, CA 94016"
295899,"USB-C Charging Cable",P1003,1,"12-02-2019 13:52","722 Spruce St, Seattle, WA 98101"
295900,"AA Batteries (4-pack)",P1005,1,"12-04-2019 13:20","283 Washington St, Boston, MA 02215"
295901,"20in Monitor",P1015,1,"12-06-2019 11:44","67 12th St, San Francisco, CA 94016"
295902,"AA Batteries (4-pack)",P1005,2,"12-02-2019 12:21","160 Maple St, Austin, TX 73301"
295903,"AA Batteries (4-pack)",P1005,1,"12-04-2019 21:09","337 12th St, Dallas, TX 75001"
295904,"Wired Headphones",P1011,1,"12-05-2019 23:54","647 Wilson St, Atlanta, GA 30301"
295905,"AA Batteries (4-pack)",P1005,2,"12-01-2019 11:49","345 Walnut St, Los Angeles, CA 90001"
295906,"27in FHD Monitor",P1004,1,"12-01-2019 15:34","773 7th St, Atlanta, GA 30301"
295907,"AA Batteries (4-pack)",P1005,2,"12-12-2019 10:09","672 Dogwood St, Austin, TX 73301"
295908,"20in Monitor",P1015,1,"12-11-2019 07:42","342 Adams St, New York City, NY 10001"
295909,"AA Batteries (4-pack)",P1005,1,"12-02-2019 12:10","360 Wilson St, Boston, MA 02215"
295910,"Lightning Charging Cable",P1009,1,"12-04-2019 09:03","6 Wilson St, Seattle, WA 98101"
295911,"Apple Airpods Headphones",P1012,1,"12-08-2019 13:43","152 Spruce St, Los Angeles, CA 90001"
295912,"AA Batteries (4-pack)",P1005,1,"12-06-2019 13:31","282 Lincoln St, San Francisco, CA 94016"
295913,"Apple Airpods Headphones",P1012,1,"12-11-2019 23:13","13 Pine St, New York City, NY 10001"
295914,"AAA Batteries (4-pack)",P1007,1,"12-11-2019 19:20","413 Center St, Austin, TX 73301"
295915,"Google Phone",P1010,1,"12-01-2019 22:49","535 Meadow St, New York City, NY 10001"
295916,"Lightning Charging Cable",P1009,1,"12-01-2019 22:49","965 Willow St, Atlanta, GA 30301"
295917,"27in FHD Monitor",P1004,1,"12-01-2019 22:49","569 2nd St, San Francisco, CA 94016"
295918,"AA Batteries (4-pack)",P1005,1,"12-01-2019 22:49","92 River St, New York City, NY 10001"
295918,"AAA Batteries (4-pack)",P1007,1,"12-11-2019 07:03","92 River St, New York City, NY 10001"
295919,"Bose SoundSport Headphones",P1006,1,"12-11-2019 07:03","478 Maple St, San Francisco, CA 94016"
295920,"27in 4K Gaming Monitor",P1018,1,"12-04-2019 11:52","344 6th St, New York City, NY 10001"
295921,"27in FHD Monitor",P1004,1,"12-02-2019 23:34","425 Main St, Los Angeles, CA 90001"
295922,"Bose SoundSport Headphones",P1006,1,"12-09-2019 22:26","676 Hickory St, Portland, OR 97035"
295923,"Lightning Charging Cable",P1009,1,"12-12-2019 10:12","968 8th St, Austin, TX 73301"
295924,"Wired Headphones",P1011,1,"12-01-2019 22:03","170 Hickory St, Seattle, WA 98101"
295925,"AA Batteries (4-pack)",P1005,1,"12-10-2019 17:07","554 Cedar St, Dallas, TX 75001"
295926,"Lightning Charging Cable",P1009,1,"12-08-2019 19:56","372 Ridge St, San Francisco, CA 94016"
295927,"Wired Headphones",P1011,1,"12-11-2019 14:08","626 Walnut St, San Francisco, CA 94016"
295928,"AAA Batteries (4-pack)",P1007,1,"12-11-2019 11:22","683 Forest St, Boston, MA 02215"
295929,"Apple Airpods Headphones",P1012,1,"12-02-2019 12:36","538 6th St, Portland, OR 97035"
295930,"Wired Headphones",P1011,1,"12-02-2019 18:19","774 Washington St, Atlanta, GA 30301"
295931,"Bose SoundSport Headphones",P1006,1,"12-08-2019 13:20","142 Madison St, San Francisco, CA 94016"
295932,"Apple Airpods Headphones",P1012,1,"12-07-2019 15:05","663 Spruce St, New York City, NY 10001"
295932,"Bose SoundSport Headphones",P1006,1,"12-02-2019 09:42","663 Spruce St, New York City, NY 10001"
295933,"AAA Batteries (4-pack)",P1007,1,"12-06-2019 17:39","19 Maple St, New York City, NY 10001"
295934,"27in 4K Gaming Monitor",P1018,1,"12-06-2019 09:07","760 Ridge St, Atlanta, GA 30301"
295935,"AA Batteries (4-pack)",P1005,1,"12-06-2019 09:07","606 Lakeview St, San Francisco, CA 94016"
295936,"AAA Batteries (4-pack)",P1007,1,"12-10-2019 11:50","283 Highland St, Seattle, WA 98101"
295937,"Lightning Charging Cable",P1009,1,"12-04-2019 22:19","282 Willow St, Seattle, WA 98101"
295938,"Lightning Charging Cable",P1009,1,"12-04-2019 13:42","679 Hickory St, Austin, TX 73301"
295939,"AA Batteries (4-pack)",P1005,1,"12-08-2019 10:11","799 Lakeview St, New York City, NY 10001"
295940,"Wired Headphones",P1011,1,"12-11-2019 07:58","441 12th St, Los Angeles, CA 90001"
295941,"ThinkPad Laptop",P1008,1,"12-12-2019 15:41","64 Dogwood St, Portland, OR 97035"
295942,"Google Phone",P1010,1,"12-12-2019 10:49","150 North St, Boston, MA 02215"
295943,"AAA Batteries (4-pack)",P1007,3,"12-08-2019 23:42","701 Sunset St, Dallas, TX 75001"
295944,"27in 4K Gaming Monitor",P1018,1,"12-11-2019 03:38","175 Main St, San Francisco, CA 94016"
295945,"Wired Headphones",P1011,1,"12-12-2019 15:50","207 Sunset St, Austin, TX 73301"
295946,"20in Monitor",P1015,1,"12-02-2019 19:16","970 Lincoln St, Portland, OR 97035"
295947,"AA Batteries (4-pack)",P1005,1,"12-04-2019 16:14","441 6th St, Austin, TX 73301"
295948,"Macbook Pro Laptop",P1001,1,"12-05-2019 10:39","863 West St, San Francisco, CA 94016"
295949,"Bose SoundSport Headphones",P1006,1,"12-10-2019 23:23","603 River St, Los Angeles, CA 90001"
295950,"AA Batteries (4-pack)",P1005,1,"12-03-2019 16:49","789 14th St, Boston, MA 02215"
295951,"Lightning Charging Cable",P1009,1,"12-08-2019 10:28","349 North St, Dallas, TX 75001"
295952,"USB-C Charging Cable",P1003,1,"12-12-2019 19:07","403 Dogwood St, Seattle, WA 98101"
295952,"Flatscreen TV",P1017,1,"12-01-2019 12:42","403 Dogwood St, Seattle, WA 98101"
295953,"Flatscreen TV",P1017,1,"12-02-2019 12:20","559 Church St, Dallas, TX 75001"
295954,"27in FHD Monitor",P1004,1,"12-10-2019 18:05","321 River St, Boston, MA 02215"
295955,"USB-C Charging Cable",P1003,1,"12-05-2019 14:25","357 Hickory St, Boston, MA 02215"
295956,"AAA Batteries (4-pack)",P1007,1,"12-06-2019 18:17","793 Adams St, Boston, MA 02215"
295957,"Lightning Charging Cable",P1009,1,"12-12-2019 18:51","356 12th St, Los Angeles, CA 90001"
295958,"AAA Batteries (4-pack)",P1007,1,"12-12-2019 18:51","485 4th St, Boston, MA 02215"
295959,"AAA Batteries (4-pack)",P1007,2,"12-05-2019 18:51","198 13th St, Atlanta, GA 30301"
295960,"AA Batteries (4-pack)",P1005,1,"12-01-2019 04:48","397 Forest St, San Francisco, CA 94016"
295961,"AA Batteries (4-pack)",P1005,2,"12-01-2019 10:46","229 Park St, Austin, TX 73301"
295962,"20in Monitor",P1015,1,"12-08-2019 16:17","668 14th St, San Francisco, CA 94016"
295963,"Macbook Pro Laptop",P1001,1,"12-11-2019 16:38","556 11th St, Austin, TX 73301"
295964,"Bose SoundSport Headphones",P1006,1,"12-08-2019 18:58","950 1st St, Los Angeles, CA 90001"
295965,iPhone,P1014,1,"12-07-2019 09:57","514 Ridge St, Dallas, TX 75001"
295966,"Lightning Charging Cable",P1009,1,"12-01-2019 20:48","233 North St, San Francisco, CA 94016"
295967,"AAA Batteries (4-pack)",P1007,2,"12-02-2019 15:15","283 South St, Los Angeles, CA 90001"
295968,"AA Batteries (4-pack)",P1005,1,"12-03-2019 17:02","720 Center St, New York City, NY 10001"
295969,"USB-C Charging Cable",P1003,1,"12-06-2019 10:27","646 Elm St, Boston, MA 02215"
295970,"AA Batteries (4-pack)",P1005,1,"12-08-2019 21:49","414 Adams St, Boston, MA 02215"
295971,"AA Batteries (4-pack)",P1005,2,"12-06-2019 18:13","10 Adams St, Los Angeles, CA 90001"
295972,"USB-C Charging Cable",P1003,1,"12-08-2019 17:22","340 1st St, Los Angeles, CA 90001"
295973,"AA Batteries (4-pack)",P1005,1,"12-01-2019 23:13","597 Center St, New York City, NY 10001"
295974,"USB-C Charging Cable",P1003,1,"12-06-2019 16:56","570 Cherry St, San Francisco, CA 94016"
295975,"USB-C Charging Cable",P1003,1,"12-04-2019 14:14","716 Hickory St, San Francisco, CA 94016"
295976,"Bose SoundSport Headphones",P1006,1,"12-07-2019 21:03","981 7th St, Dallas, TX 75001"
295977,"Wired Headphones",P1011,1,"12-11-2019 14:21","141 West St, Boston, MA 02215"
295978,"27in FHD Monitor",P1004,1,"12-07-2019 19:20","293 7th St, Boston, MA 02215"
295979,"Bose SoundSport Headphones",P1006,1,"12-04-2019 14:22","356 Lake St, Los Angeles, CA 90001"
295980,"27in 4K Gaming Monitor",P1018,1,"12-10-2019 20:29","934 2nd St, Boston, MA 02215"
295981,"Lightning Charging Cable",P1009,1,"12-01-2019 17:02","321 Hill St, San Francisco, CA 94016"
295982,"Vareebadd Phone",P1013,1,"12-01-2019 14:28","3 11th St, Los Angeles, CA 90001"
295983,"AA Batteries (4-pack)",P1005,3,"12-06-2019 16:35","782 5th St, Los Angeles, CA 90001"
295984,"Lightning Charging Cable",P1009,1,"12-02-2019 12:29","2 6th St, New York City, NY 10001"
295985,"Lightning Charging Cable",P1009,1,"12-11-2019 20:49","269 2nd St, San Francisco, CA 94016"
295986,"USB-C Charging Cable",P1003,1,"12-09-2019 15:37","996 Meadow St, San Francisco, CA 94016"
295987,"34in Ultrawide Monitor",P1016,1,"12-06-2019 12:12","351 9th St, San Francisco, CA 94016"
295988,"AA Batteries (4-pack)",P1005,1,"12-09-2019 16:10","351 Lake St, Austin, TX 73301"
295989,"Lightning Charging Cable",P1009,1,"12-09-2019 16:10","872 Johnson St, Boston, MA 02215"
295990,"ThinkPad Laptop",P1008,1,"12-08-2019 21:33","192 Chestnut St, Seattle, WA 98101"
295991,iPhone,P1014,1,"12-01-2019 22:04","857 Center St, Boston, MA 02215"
295991,"Lightning Charging Cable",P1009,1,"12-09-2019 11:06","857 Center St, Boston, MA 02215"
295992,iPhone,P1014,1,"12-04-2019 12:42","511 Main St, Los Angeles, CA 90001"
295993,"AAA Batteries (4-pack)",P1007,2,"12-01-2019 11:25","106 Ridge St, New York City, NY 10001"
295994,"Lightning Charging Cable",P1009,1,"12-04-2019 20:45","34 River St, San Francisco, CA 94016"
295995,"27in 4K Gaming Monitor",P1018,1,"12-12-2019 10:31","968 Meadow St, Boston, MA 02215"
295996,"Bose SoundSport Headphones",P1006,1,"12-01-2019 23:00","286 7th St, Austin, TX 73301"
295997,"Apple Airpods Headphones",P1012,1,"12-02-2019 11:33","973 Pine St, Boston, MA 02215"
295998,"AAA Batteries (4-pack)",P1007,2,"12-03-2019 19:30","771 Cedar St, Austin, TX 73301"
295999,"Flatscreen TV",P1017,1,"12-04-2019 16:23","884 Main St, Boston, MA 02215"
296000,"USB-C Charging Cable",P1003,1,"12-07-2019 08:17","916 Cherry St, Boston, MA 02215"
296001,"Wired Headphones",P1011,1,"12-07-2019 15:14","379 Madison St, San Francisco, CA 94016"
296002,"AAA Batteries (4-pack)",P1007,2,"12-09-2019 14:14","543 Chestnut St, San Francisco, CA 94016"
296003,"USB-C Charging Cable",P1003,1,"12-10-2019 22:04","827 Center St, Los Angeles, CA 90001"
296004,"Apple Airpods Headphones",P1012,1,"12-12-2019 18:24","660 Willow St, Seattle, WA 98101"
296005,"AAA Batteries (4-pack)",P1007,2,"12-03-2019 22:39","503 Highland St, Boston, MA 02215"
296006,"USB-C Charging Cable",P1003,1,"12-07-2019 18:54","620 Main St, San Francisco, CA 94016"
296007,"Lightning Charging Cable",P1009,1,"12-09-2019 20:45","267 North St, Seattle, WA 98101"
296008,"Google Phone",P1010,1,"12-10-2019 06:54","616 10th St, Seattle, WA 98101"
296009,"USB-C Charging Cable",P1003,1,"12-07-2019 18:07","389 Jefferson St, Seattle, WA 98101"
296010,"27in 4K Gaming Monitor",P1018,1,"12-01-2019 10:39","311 Spruce St, Boston, MA 02215"
296011,"27in 4K Gaming Monitor",P1018,1,"12-01-2019 13:11","764 Jefferson St, Portland, OR 97035"
296012,iPhone,P1014,1,"12-04-2019 00:29","689 Pine St, Seattle, WA 98101"
296013,"AAA Batteries (4-pack)",P1007,1,"12-07-2019 18:38","369 Park St, Los Angeles, CA 90001"
296014,"AAA Batteries (4-pack)",P1007,1,"12-03-2019 13:05","43 8th St, Portland, OR 97035"
296015,"Lightning Charging Cable",P1009,2,"12-06-2019 20:13","902 1st St, Austin, TX 73301"
296016,"Bose SoundSport Headphones",P1006,1,"12-03-2019 07:45","543 Spruce St, New York City, NY 10001"
296017,"USB-C Charging Cable",P1003,1,"12-02-2019 20:21","374 Maple St, Boston, MA 02215"
296018,"AAA Batteries (4-pack)",P1007,2,"12-09-2019 13:49","305 Dogwood St, Portland, ME 04101"
296019,"Bose SoundSport Headphones",P1006,1,"12-02-2019 10:08","600 Willow St, Austin, TX 73301"
296020,"34in Ultrawide Monitor",P1016,1,"12-02-2019 10:40","533 Chestnut St, San Francisco, CA 94016"
296021,"Wired Headphones",P1011,1,"12-08-2019 15:27","581 North St, Portland, OR 97035"
296022,"Wired Headphones",P1011,1,"12-09-2019 10:13","526 1st St, Boston, MA 02215"
296023,"20in Monitor",P1015,1,"12-09-2019 21:47","699 Walnut St, Los Angeles, CA 90001"
296024,"AA Batteries (4-pack)",P1005,2,"12-11-2019 12:46","524 Jefferson St, San Francisco, CA 94016"
296025,"AA Batteries (4-pack)",P1005,2,"12-02-2019 10:27","721 14th St, Atlanta, GA 30301"
296026,"Apple Airpods Headphones",P1012,1,"12-06-2019 21:16","937 Highland St, San Francisco, CA 94016"
296027,"AAA Batteries (4-pack)",P1007,3,"12-09-2019 16:09","577 10th St, Los Angeles, CA 90001"
296028,"Vareebadd Phone",P1013,1,"12-10-2019 13:40","216 Maple St, Los Angeles, CA 90001"
296029,"27in 4K Gaming Monitor",P1018,1,"12-04-2019 20:30","347 Meadow St, Dallas, TX 75001"
296030,"Macbook Pro Laptop",P1001,1,"12-02-2019 16:38","698 4th St, Portland, OR 97035"
296031,"Google Phone",P1010,1,"12-03-2019 12:53","815 Pine St, Seattle, WA 98101"
296032,"Bose SoundSport Headphones",P1006,1,"12-05-2019 18:26","54 13th St, Los Angeles, CA 90001"
296033,"27in FHD Monitor",P1004,1,"12-10-2019 00:57","920 2nd St, New York City, NY 10001"
296034,"Google Phone",P1010,1,"12-12-2019 12:43","844 Forest St, Dallas, TX 75001"
296035,"Lightning Charging Cable",P1009,1,"12-02-2019 20:57","864 Lake St, Boston, MA 02215"
296036,"Wired Headphones",P1011,1,"12-05-2019 20:32","887 Walnut St, San Francisco, CA 94016"
296037,"AA Batteries (4-pack)",P1005,1,"12-09-2019 06:47","744 7th St, Dallas, TX 75001"
296038,"Bose SoundSport Headphones",P1006,1,"12-09-2019 06:47","170 8th St, Dallas, TX 75001"
296039,"Wired Headphones",P1011,1,"12-12-2019 08:35","856 Madison St, Los Angeles, CA 90001"
296040,"27in FHD Monitor",P1004,1,"12-03-2019 18:27","794 West St, Atlanta, GA 30301"
296041,"Flatscreen TV",P1017,1,"12-06-2019 10:17","495 6th St, San Francisco, CA 94016"
296042,"27in FHD Monitor",P1004,1,"12-05-2019 19:23","830 11th St, Boston, MA 02215"
296043,"Lightning Charging Cable",P1009,1,"12-10-2019 00:18","776 Johnson St, Atlanta, GA 30301"
296044,"AA Batteries (4-pack)",P1005,3,"12-05-2019 20:01","74 1st St, New York City, NY 10001"
296045,"34in Ultrawide Monitor",P1016,1,"12-05-2019 15:37","262 Elm St, New York City, NY 10001"
296046,"USB-C Charging Cable",P1003,1,"12-09-2019 21:39","319 Lake St, San Francisco, CA 94016"
296047,"AAA Batteries (4-pack)",P1007,2,"12-07-2019 21:39","433 4th St, Los Angeles, CA 90001"
296048,"AAA Batteries (4-pack)",P1007,2,"12-07-2019 21:39","441 Meadow St, Dallas, TX 75001"
296049,"27in FHD Monitor",P1004,1,"12-06-2019 13:09","779 Adams St, Atlanta, GA 30301"
296050,"USB-C Charging Cable",P1003,1,"12-02-2019 19:58","571 Lake St, New York City, NY 10001"
296051,"Wired Headphones",P1011,2,"12-09-2019 10:19","796 6th St, New York City, NY 10001"
296052,"Apple Airpods Headphones",P1012,1,"12-04-2019 17:46","349 Maple St, San Francisco, CA 94016"
296053,"34in Ultrawide Monitor",P1016,1,"12-06-2019 18:58","538 8th St, Boston, MA 02215"
296054,"ThinkPad Laptop",P1008,1,"12-10-2019 10:03","788 7th St, Portland, OR 97035"
296055,"Apple Airpods Headphones",P1012,1,"12-05-2019 09:14","266 8th St, Austin, TX 73301"
296056,"Google Phone",P1010,1,"12-09-2019 10:24","803 Highland St, Portland, OR 97035"
296057,"AAA Batteries (4-pack)",P1007,1,"12-08-2019 20:06","487 Willow St, Atlanta, GA 30301"
296058,"USB-C Charging Cable",P1003,1,"12-09-2019 10:57","864 14th St, Boston, MA 02215"
296059,"USB-C Charging Cable",P1003,1,"12-11-2019 11:07","998 North St, New York City, NY 10001"
296060,iPhone,P1014,1,"12-02-2019 22:20","951 Lakeview St, San Francisco, CA 94016"
296061,"Apple Airpods Headphones",P1012,1,"12-12-2019 18:26","519 Hickory St, Los Angeles, CA 90001"
296062,"27in FHD Monitor",P1004,1,"12-06-2019 17:40","48 Adams St, Boston, MA 02215"
296063,"Apple Airpods Headphones",P1012,1,"12-07-2019 12:03","852 Wilson St, Boston, MA 02215"
296064,"USB-C Charging Cable",P1003,1,"12-07-2019 08:49","370 Lakeview St, Atlanta, GA 30301"
296065,"Lightning Charging Cable",P1009,1,"12-01-2019 14:37","80 Chestnut St, Los Angeles, CA 90001"
296066,"27in 4K Gaming Monitor",P1018,1,"12-11-2019 10:23","243 Maple St, San Francisco, CA 94016"
296067,"Apple Airpods Headphones",P1012,1,"12-08-2019 17:18","858 Hickory St, Boston, MA 02215"
296068,"Macbook Pro Laptop",P1001,1,"12-12-2019 14:06","897 Jackson St, San Francisco, CA 94016"
296069,"AAA Batteries (4-pack)",P1007,1,"12-09-2019 19:24","465 Lakeview St, Portland, OR 97035"
296070,"Lightning Charging Cable",P1009,1,"12-09-2019 12:44","181 Pine St, Seattle, WA 98101"
296071,"27in FHD Monitor",P1004,1,"12-07-2019 00:54","926 Adams St, New York City, NY 10001"
296072,"USB-C Charging Cable",P1003,1,"12-02-2019 20:50","271 Spruce St, Seattle, WA 98101"
296073,"Lightning Charging Cable",P1009,1,"12-02-2019 10:17","774 Madison St, Atlanta, GA 30301"
296074,"Lightning Charging Cable",P1009,1,"12-01-2019 11:12","115 Johnson St, Portland, OR 97035"
296075,"AAA Batteries (4-pack)",P1007,1,"12-06-2019 06:13","284 Jefferson St, Los Angeles, CA 90001"
296076,"Macbook Pro Laptop",P1001,1,"12-09-2019 06:31","679 Chestnut St, San Francisco, CA 94016"
296077,"34in Ultrawide Monitor",P1016,1,"12-02-2019 08:13","941 Park St, Los Angeles, CA 90001"
296078,"Flatscreen TV",P1017,1,"12-05-2019 18:01","383 Church St, Seattle, WA 98101"
296079,"Wired Headphones",P1011,1,"12-02-2019 10:42","964 Hill St, Atlanta, GA 30301"
296080,"USB-C Charging Cable",P1003,2,"12-06-2019 14:12","805 North St, San Francisco, CA 94016"
296081,"Flatscreen TV",P1017,1,"12-05-2019 21:21","970 Sunset St, Austin, TX 73301"
296081,"Flatscreen TV",P1017,1,"12-07-2019 08:24","970 Sunset St, Austin, TX 73301"
296082,"27in 4K Gaming Monitor",P1018,1,"12-01-2019 11:25","38 1st St, San Francisco, CA 94016"
296083,iPhone,P1014,1,"12-06-2019 21:48","354 Lakeview St, San Francisco, CA 94016"
296084,"27in 4K Gaming Monitor",P1018,1,"12-06-2019 14:22","533 Hickory St, San Francisco, CA 94016"
296085,"Google Phone",P1010,1,"12-10-2019 14:33","482 North St, New York City, NY 10001"
296086,"27in 4K Gaming Monitor",P1018,1,"12-07-2019 02:05","305 Jefferson St, Austin, TX 73301"
296087,"AAA Batteries (4-pack)",P1007,1,"12-05-2019 09:33","654 Wilson St, San Francisco, CA 94016"
296088,iPhone,P1014,1,"12-08-2019 13:17","622 4th St, Boston, MA 02215"
296089,"Lightning Charging Cable",P1009,1,"12-02-2019 10:26","949 North St, Portland, OR 97035"
296090,"USB-C Charging Cable",P1003,1,"12-03-2019 22:54","965 13th St, Los Angeles, CA 90001"
296091,"Apple Airpods Headphones",P1012,1,"12-05-2019 17:57","10 Maple St, Los Angeles, CA 90001"
296092,"34in Ultrawide Monitor",P1016,1,"12-12-2019 19:22","546 Meadow St, Boston, MA 02215"
296093,"Wired Headphones",P1011,1,"12-09-2019 06:47","693 10th St, San Francisco, CA 94016"
296094,iPhone,P1014,1,"12-04-2019 22:57","376 4th St, Atlanta, GA 30301"
296095,"AA Batteries (4-pack)",P1005,2,"12-02-2019 12:16","613 Forest St, Los Angeles, CA 90001"
296096,"Wired Headphones",P1011,2,"12-08-2019 23:46","381 North St, Los Angeles, CA 90001"
296097,"27in FHD Monitor",P1004,1,"12-03-2019 10:10","111 Adams St, San Francisco, CA 94016"
296098,"Apple Airpods Headphones",P1012,1,"12-10-2019 17:31","126 7th St, Los Angeles, CA 90001"
296099,"AAA Batteries (4-pack)",P1007,1,"12-10-2019 07:39","376 11th St, Los Angeles, CA 90001"
296100,"Wired Headphones",P1011,1,"12-11-2019 22:12","101 12th St, Seattle, WA 98101"
296101,"Lightning Charging Cable",P1009,1,"12-07-2019 11:26","598 Maple St, New York City, NY 10001"
296102,"27in 4K Gaming Monitor",P1018,1,"12-07-2019 13:26","741 4th St, San Francisco, CA 94016"
296103,"Flatscreen TV",P1017,1,"12-05-2019 12:36","942 Madison St, San Francisco, CA 94016"
296104,"Bose SoundSport Headphones",P1006,1,"12-06-2019 17:07","111 Elm St, Los Angeles, CA 90001"
296105,"Lightning Charging Cable",P1009,1,"12-06-2019 00:27","134 Dogwood St, San Francisco, CA 94016"
296106,"Wired Headphones",P1011,3,"12-05-2019 10:06","755 Adams St, New York City, NY 10001"
296107,"Lightning Charging Cable",P1009,1,"12-06-2019 00:06","235 West St, New York City, NY 10001"
296108,"Apple Airpods Headphones",P1012,1,"12-11-2019 17:46","621 7th St, San Francisco, CA 94016"
296109,"AA Batteries (4-pack)",P1005,1,"12-07-2019 09:28","15 Jefferson St, New York City, NY 10001"
296110,iPhone,P1014,1,"12-07-2019 12:30","621 Adams St, San Francisco, CA 94016"
296111,"Apple Airpods Headphones",P1012,1,"12-06-2019 09:31","917 Madison St, San Francisco, CA 94016"
296112,"34in Ultrawide Monitor",P1016,1,"12-01-2019 17:03","814 Walnut St, Los Angeles, CA 90001"
296113,"AA Batteries (4-pack)",P1005,1,"12-10-2019 19:07","49 Wilson St, San Francisco, CA 94016"
296114,"34in Ultrawide Monitor",P1016,1,"12-07-2019 21:58","983 Jefferson St, Los Angeles, CA 90001"
296115,"AAA Batteries (4-pack)",P1007,1,"12-07-2019 21:58","457 Cedar St, New York City, NY 10001"
296116,"Bose SoundSport Headphones",P1006,1,"12-11-2019 21:10","22 7th St, Dallas, TX 75001"
296117,"AAA Batteries (4-pack)",P1007,1,"12-08-2019 10:35","223 6th St, Austin, TX 73301"
296118,"AA Batteries (4-pack)",P1005,1,"12-10-2019 18:17","786 Lincoln St, Boston, MA 02215"
296119,"AAA Batteries (4-pack)",P1007,1,"12-06-2019 16:13","585 10th St, New York City, NY 10001"
296120,"USB-C Charging Cable",P1003,1,"12-02-2019 11:07","83 Adams St, San Francisco, CA 94016"
296121,"USB-C Charging Cable",P1003,1,"12-06-2019 01:43","585 Chestnut St, New York City, NY 10001"
296122,"USB-C Charging Cable",P1003,1,"12-07-2019 08:36","602 2nd St, San Francisco, CA 94016"
296123,"27in 4K Gaming Monitor",P1018,1,"12-05-2019 23:56","927 Sunset St, Seattle, WA 98101"
296124,"Lightning Charging Cable",P1009,1,"12-10-2019 23:17","213 River St, New York City, NY 10001"
296125,"27in FHD Monitor",P1004,1,"12-04-2019 22:00","42 7th St, New York City, NY 10001"
296126,"Macbook Pro Laptop",P1001,1,"12-11-2019 20:27","15 Main St, Seattle, WA 98101"
296127,"USB-C Charging Cable",P1003,1,"12-06-2019 18:20","426 Meadow St, Portland, ME 04101"
296128,"AAA Batteries (4-pack)",P1007,2,"12-06-2019 13:56","148 Sunset St, Austin, TX 73301"
296129,"Apple Airpods Headphones",P1012,1,"12-11-2019 13:10","545 Lake St, Austin, TX 73301"
296130,"27in FHD Monitor",P1004,1,"12-01-2019 09:26","909 5th St, New York City, NY 10001"
296131,"Bose SoundSport Headphones",P1006,1,"12-01-2019 19:47","68 Willow St, Seattle, WA 98101"
296132,"20in Monitor",P1015,1,"12-09-2019 09:49","219 Jefferson St, Portland, OR 97035"
296133,"AA Batteries (4-pack)",P1005,1,"12-09-2019 15:17","534 Center St, Boston, MA 02215"
296134,"AAA Batteries (4-pack)",P1007,1,"12-06-2019 06:23","545 Willow St, Portland, OR 97035"
296135,"AA Batteries (4-pack)",P1005,1,"12-07-2019 12:15","298 Lincoln St, Boston, MA 02215"
296135,"Lightning Charging Cable",P1009,1,"12-02-2019 20:55","298 Lincoln St, Boston, MA 02215"
296136,"USB-C Charging Cable",P1003,1,"12-02-2019 20:55","867 Church St, New York City, NY 10001"
296137,"Wired Headphones",P1011,1,"12-11-2019 18:03","502 Forest St, Dallas, TX 75001"
296138,"34in Ultrawide Monitor",P1016,1,"12-08-2019 19:38","235 Adams St, San Francisco, CA 94016"
296139,"Bose SoundSport Headphones",P1006,1,"12-02-2019 19:46","440 Elm St, New York City, NY 10001"
296140,"Macbook Pro Laptop",P1001,1,"12-03-2019 13:09","678 Wilson St, Los Angeles, CA 90001"
296141,"Lightning Charging Cable",P1009,1,"12-01-2019 19:41","787 Elm St, San Francisco, CA 94016"
296141,"Bose SoundSport Headphones",P1006,1,"12-03-2019 16:55","787 Elm St, San Francisco, CA 94016"
296142,"Google Phone",P1010,1,"12-03-2019 13:39","388 9th St, Seattle, WA 98101"
296143,"AAA Batteries (4-pack)",P1007,1,"12-03-2019 13:39","62 Highland St, Los Angeles, CA 90001"
296144,iPhone,P1014,1,"12-02-2019 13:24","897 Main St, New York City, NY 10001"
296144,"Apple Airpods Headphones",P1012,1,"12-09-2019 18:39","897 Main St, New York City, NY 10001"
296145,"27in 4K Gaming Monitor",P1018,1,"12-09-2019 10:07","995 13th St, Boston, MA 02215"
296146,"USB-C Charging Cable",P1003,1,"12-08-2019 19:25","996 Elm St, Portland, OR 97035"
296147,"Google Phone",P1010,1,"12-08-2019 16:53","171 Adams St, Los Angeles, CA 90001"
296148,"27in FHD Monitor",P1004,1,"12-06-2019 18:56","662 Highland St, New York City, NY 10001"
296149,"AAA Batteries (4-pack)",P1007,2,"12-07-2019 23:13","926 5th St, Seattle, WA 98101"
296150,"Apple Airpods Headphones",P1012,1,"12-08-2019 11:55","205 Cherry St, New York City, NY 10001"
296151,"AA Batteries (4-pack)",P1005,1,"12-10-2019 22:32","19 Sunset St, New York City, NY 10001"
296152,"USB-C Charging Cable",P1003,1,"12-04-2019 22:02","879 River St, Seattle, WA 98101"
296152,"Lightning Charging Cable",P1009,1,"12-07-2019 22:12","879 River St, Seattle, WA 98101"
296153,"Apple Airpods Headphones",P1012,1,"12-09-2019 15:07","205 Elm St, Los Angeles, CA 90001"
296154,"Lightning Charging Cable",P1009,1,"12-03-2019 16:55","150 Ridge St, Austin, TX 73301"
296155,"AA Batteries (4-pack)",P1005,1,"12-06-2019 12:03","423 Johnson St, Los Angeles, CA 90001"
296156,"Lightning Charging Cable",P1009,1,"12-04-2019 19:56","150 Lake St, Austin, TX 73301"
296157,"AAA Batteries (4-pack)",P1007,1,"12-12-2019 05:09","46 12th St, Boston, MA 02215"
296158,"USB-C Charging Cable",P1003,1,"12-09-2019 14:29","251 River St, Portland, ME 04101"
296159,"Wired Headphones",P1011,1,"12-09-2019 22:55","480 Hickory St, Los Angeles, CA 90001"
296160,"Wired Headphones",P1011,1,"12-08-2019 18:50","348 Willow St, New York City, NY 10001"
296161,"AAA Batteries (4-pack)",P1007,1,"12-03-2019 14:42","638 1st St, New York City, NY 10001"
296162,"Lightning Charging Cable",P1009,1,"12-06-2019 10:49","647 Jackson St, San Francisco, CA 94016"
296163,"27in FHD Monitor",P1004,1,"12-03-2019 08:46","971 7th St, Dallas, TX 75001"
296164,"Lightning Charging Cable",P1009,1,"12-10-2019 11:29","856 Hill St, Atlanta, GA 30301"
296165,"AA Batteries (4-pack)",P1005,2,"12-10-2019 13:31","429 Madison St, Los Angeles, CA 90001"
296166,"Wired Headphones",P1011,1,"12-09-2019 18:46","196 Washington St, Portland, OR 97035"
296167,"AAA Batteries (4-pack)",P1007,4,"12-09-2019 18:46","298 9th St, Los Angeles, CA 90001"
296168,"ThinkPad Laptop",P1008,1,"12-07-2019 12:26","810 Lincoln St, Boston, MA 02215"
296169,iPhone,P1014,1,"12-08-2019 09:20","111 Hickory St, Seattle, WA 98101"
296170,"AA Batteries (4-pack)",P1005,2,"12-09-2019 19:28","158 Lake St, Austin, TX 73301"
296171,"Bose SoundSport Headphones",P1006,1,"12-01-2019 19:05","977 Wilson St, New York City, NY 10001"
296172,"Wired Headphones",P1011,1,"12-01-2019 19:05","119 11th St, Seattle, WA 98101"
296173,"Apple Airpods Headphones",P1012,1,"12-01-2019 19:05","542 Maple St, New York City, NY 10001"
296174,"27in FHD Monitor",P1004,1,"12-05-2019 09:46","982 Cherry St, Portland, OR 97035"
296175,"Bose SoundSport Headphones",P1006,1,"12-01-2019 19:02","601 Lakeview St, Atlanta, GA 30301"
296176,"Wired Headphones",P1011,1,"12-09-2019 14:50","893 Cedar St, San Francisco, CA 94016"
296177,"ThinkPad Laptop",P1008,1,"12-03-2019 09:41","236 Cherry St, San Francisco, CA 94016"
296178,"AAA Batteries (4-pack)",P1007,1,"12-10-2019 18:32","307 Chestnut St, Boston, MA 02215"
296179,"Apple Airpods Headphones",P1012,1,"12-02-2019 11:37","764 Hickory St, Boston, MA 02215"
296180,"AA Batteries (4-pack)",P1005,4,"12-10-2019 12:02","958 North St, Portland, OR 97035"
296181,"Wired Headphones",P1011,1,"12-03-2019 22:48","275 Meadow St, Dallas, TX 75001"
296182,"Bose SoundSport Headphones",P1006,1,"12-06-2019 05:00","864 Dogwood St, Austin, TX 73301"
296183,"USB-C Charging Cable",P1003,1,"12-03-2019 19:09","220 Lake St, Portland, OR 97035"
296184,"27in 4K Gaming Monitor",P1018,1,"12-12-2019 00:22","468 Sunset St, New York City, NY 10001"
296185,"Apple Airpods Headphones",P1012,1,"12-12-2019 00:22","472 Walnut St, Los Angeles, CA 90001"
296186,"Apple Airpods Headphones",P1012,1,"12-12-2019 07:51","661 Chestnut St, Seattle, WA 98101"
296187,"Google Phone",P1010,1,"12-09-2019 21:39","322 5th St, San Francisco, CA 94016"
296187,"USB-C Charging Cable",P1003,1,"12-07-2019 17:36","322 5th St, San Francisco, CA 94016"
296188,"27in FHD Monitor",P1004,1,"12-07-2019 17:18","860 Forest St, Boston, MA 02215"
296189,"AA Batteries (4-pack)",P1005,1,"12-08-2019 11:03","549 Park St, Dallas, TX 75001"
296190,"AA Batteries (4-pack)",P1005,2,"12-08-2019 13:43","937 Hill St, Austin, TX 73301"
296191,"USB-C Charging Cable",P1003,1,"12-02-2019 09:32","688 Madison St, Atlanta, GA 30301"
296192,"Bose SoundSport Headphones",P1006,1,"12-12-2019 08:22","659 14th St, Dallas, TX 75001"
296193,"AAA Batteries (4-pack)",P1007,1,"12-02-2019 09:09","863 Forest St, San Francisco, CA 94016"
296194,"Apple Airpods Headphones",P1012,1,"12-01-2019 12:51","305 Madison St, Boston, MA 02215"
296195,"Apple Airpods Headphones",P1012,1,"12-10-2019 10:58","840 Main St, San Francisco, CA 94016"
296196,"Lightning Charging Cable",P1009,1,"12-02-2019 01:25","459 11th St, Atlanta, GA 30301"
296197,"20in Monitor",P1015,1,"12-09-2019 20:31","202 Washington St, New York City, NY 10001"
296198,"Vareebadd Phone",P1013,1,"12-03-2019 21:13","303 Ridge St, Austin, TX 73301"
296199,"Google Phone",P1010,1,"12-09-2019 15:47","746 Ridge St, Los Angeles, CA 90001"
296200,"Bose SoundSport Headphones",P1006,1,"12-06-2019 10:52","56 1st St, San Francisco, CA 94016"
296201,"AA Batteries (4-pack)",P1005,1,"12-06-2019 10:52","78 Hickory St, San Francisco, CA 94016"
296202,"USB-C Charging Cable",P1003,1,"12-06-2019 10:52","354 Elm St, San Francisco, CA 94016"
296203,"34in Ultrawide Monitor",P1016,1,"12-01-2019 17:38","732 Highland St, New York City, NY 10001"
296204,"Apple Airpods Headphones",P1012,1,"12-09-2019 16:38","6 4th St, San Francisco, CA 94016"
296205,"USB-C Charging Cable",P1003,1,"12-05-2019 17:55","982 Cedar St, Dallas, TX 75001"
296206,"27in 4K Gaming Monitor",P1018,1,"12-02-2019 11:46","626 9th St, Portland, ME 04101"
296207,"Wired Headphones",P1011,1,"12-07-2019 02:06","123 South St, Los Angeles, CA 90001"
296208,"27in 4K Gaming Monitor",P1018,1,"12-07-2019 02:06","445 Cedar St, Los Angeles, CA 90001"
296209,"AA Batteries (4-pack)",P1005,1,"12-03-2019 05:35","462 1st St, New York City, NY 10001"
296210,"Macbook Pro Laptop",P1001,1,"12-09-2019 11:23","763 Cherry St, San Francisco, CA 94016"
296211,"AAA Batteries (4-pack)",P1007,2,"12-07-2019 19:10","189 1st St, San Francisco, CA 94016"
296212,"27in FHD Monitor",P1004,1,"12-12-2019 12:16","414 Pine St, Portland, ME 04101"
296213,iPhone,P1014,1,"12-05-2019 11:56","498 8th St, New York City, NY 10001"
296214,"Bose SoundSport Headphones",P1006,1,"12-06-2019 12:42","363 Center St, Atlanta, GA 30301"
296215,"Apple Airpods Headphones",P1012,1,"12-02-2019 19:56","598 West St, San Francisco, CA 94016"
296216,"AA Batteries (4-pack)",P1005,2,"12-05-2019 09:11","103 Dogwood St, Boston, MA 02215"
296217,"AA Batteries (4-pack)",P1005,4,"12-08-2019 18:44","302 Johnson St, Seattle, WA 98101"
296218,"AA Batteries (4-pack)",P1005,1,"12-03-2019 06:22","692 Meadow St, Boston, MA 02215"
296219,"Lightning Charging Cable",P1009,1,"12-11-2019 17:41","238 South St, Austin, TX 73301"
296220,"Apple Airpods Headphones",P1012,1,"12-09-2019 08:31","167 Meadow St, Austin, TX 73301"
296221,"Apple Airpods Headphones",P1012,1,"12-11-2019 19:11","521 Jackson St, Los Angeles, CA 90001"
296222,"Apple Airpods Headphones",P1012,1,"12-09-2019 21:03","958 2nd St, Los Angeles, CA 90001"
296223,"AA Batteries (4-pack)",P1005,1,"12-01-2019 16:22","456 Highland St, San Francisco, CA 94016"
296224,"Bose SoundSport Headphones",P1006,1,"12-12-2019 15:24","786 Cherry St, Austin, TX 73301"
296225,"Lightning Charging Cable",P1009,2,"12-03-2019 12:00","807 8th St, Boston, MA 02215"
296226,"Apple Airpods Headphones",P1012,1,"12-11-2019 20:54","891 Hill St, San Francisco, CA 94016"
296227,"27in 4K Gaming Monitor",P1018,1,"12-09-2019 08:06","482 Center St, Los Angeles, CA 90001"
296228,"Flatscreen TV",P1017,1,"12-07-2019 19:31","891 Ridge St, Dallas, TX 75001"
296229,"Google Phone",P1010,1,"12-09-2019 21:30","351 9th St, Austin, TX 73301"
296230,"USB-C Charging Cable",P1003,1,"12-03-2019 08:52","900 Lake St, Seattle, WA 98101"
296231,"USB-C Charging Cable",P1003,1,"12-04-2019 23:25","45 Park St, Austin, TX 73301"
296232,"AA Batteries (4-pack)",P1005,1,"12-04-2019 11:23","158 Washington St, Seattle, WA 98101"
296233,"AA Batteries (4-pack)",P1005,1,"12-04-2019 15:41","444 8th St, Los Angeles, CA 90001"
296234,iPhone,P1014,1,"12-11-2019 19:36","466 2nd St, Los Angeles, CA 90001"
296235,"USB-C Charging Cable",P1003,1,"12-04-2019 13:31","84 Lakeview St, San Francisco, CA 94016"
296236,"AA Batteries (4-pack)",P1005,2,"12-05-2019 08:34","993 4th St, Los Angeles, CA 90001"
296237,"27in FHD Monitor",P1004,1,"12-11-2019 21:45","611 Chestnut St, San Francisco, CA 94016"
296238,"ThinkPad Laptop",P1008,1,"12-05-2019 17:06","544 6th St, San Francisco, CA 94016"
296239,"Lightning Charging Cable",P1009,1,"12-01-2019 08:24","184 Center St, New York City, NY 10001"
296240,"USB-C Charging Cable",P1003,1,"01-01-2020 00:38","128 Spruce St, Austin, TX 73301"
296241,"USB-C Charging Cable",P1003,1,"12-09-2019 18:41","843 Washington St, New York City, NY 10001"
296242,"USB-C Charging Cable",P1003,1,"12-06-2019 18:10","825 Johnson St, Los Angeles, CA 90001"
296243,"34in Ultrawide Monitor",P1016,1,"12-07-2019 09:19","263 Adams St, Atlanta, GA 30301"
296244,"USB-C Charging Cable",P1003,1,"12-06-2019 10:18","354 Adams St, Boston, MA 02215"
296245,"Lightning Charging Cable",P1009,1,"12-10-2019 15:32","449 13th St, New York City, NY 10001"
296246,"Apple Airpods Headphones",P1012,1,"12-04-2019 23:28","618 Main St, Austin, TX 73301"
296247,"AAA Batteries (4-pack)",P1007,1,"12-04-2019 23:28","123 Washington St, New York City, NY 10001"
296248,"Flatscreen TV",P1017,1,"12-03-2019 18:16","722 Forest St, New York City, NY 10001"
296249,"Wired Headphones",P1011,1,"12-01-2019 18:04","90 12th St, Boston, MA 02215"
296250,"Lightning Charging Cable",P1009,1,"12-01-2019 14:56","308 8th St, New York City, NY 10001"
296251,"Apple Airpods Headphones",P1012,1,"12-07-2019 22:36","869 Maple St, Atlanta, GA 30301"
296252,"Lightning Charging Cable",P1009,1,"12-05-2019 09:38","399 14th St, Austin, TX 73301"
296253,"AA Batteries (4-pack)",P1005,2,"12-02-2019 19:51","699 Jackson St, Portland, OR 97035"
296254,"USB-C Charging Cable",P1003,3,"12-06-2019 12:07","690 Dogwood St, San Francisco, CA 94016"
296255,"ThinkPad Laptop",P1008,1,"12-04-2019 17:26","566 Lincoln St, San Francisco, CA 94016"
296256,"Bose SoundSport Headphones",P1006,1,"12-01-2019 19:29","714 11th St, Seattle, WA 98101"
296257,"Apple Airpods Headphones",P1012,1,"12-07-2019 10:42","546 Willow St, San Francisco, CA 94016"
296258,"AA Batteries (4-pack)",P1005,3,"12-03-2019 14:47","388 Wilson St, Austin, TX 73301"
296259,"Wired Headphones",P1011,1,"12-04-2019 11:40","896 West St, San Francisco, CA 94016"
296260,"Bose SoundSport Headphones",P1006,1,"12-12-2019 13:18","220 Adams St, Austin, TX 73301"
296261,"Wired Headphones",P1011,1,"12-12-2019 20:16","271 Adams St, New York City, NY 10001"
296262,"Lightning Charging Cable",P1009,1,"12-08-2019 15:53","615 Wilson St, San Francisco, CA 94016"
296263,"Google Phone",P1010,1,"12-09-2019 08:28","229 Pine St, San Francisco, CA 94016"
296263,"Wired Headphones",P1011,1,"12-10-2019 15:05","229 Pine St, San Francisco, CA 94016"
296264,"Lightning Charging Cable",P1009,1,"12-06-2019 19:37","36 5th St, New York City, NY 10001"
296265,iPhone,P1014,1,"12-10-2019 12:42","350 Center St, Boston, MA 02215"
296266,"27in FHD Monitor",P1004,1,"12-07-2019 15:20","173 Cherry St, Dallas, TX 75001"
296267,"Flatscreen TV",P1017,1,"12-07-2019 15:15","573 7th St, Atlanta, GA 30301"
296267,"Lightning Charging Cable",P1009,1,"12-03-2019 08:45","573 7th St, Atlanta, GA 30301"
296268,"20in Monitor",P1015,1,"12-11-2019 23:42","41 Willow St, Los Angeles, CA 90001"
296269,"AA Batteries (4-pack)",P1005,1,"12-02-2019 13:51","142 Park St, San Francisco, CA 94016"
296270,"USB-C Charging Cable",P1003,1,"12-03-2019 20:51","10 Cherry St, San Francisco, CA 94016"
296271,"Apple Airpods Headphones",P1012,1,"12-04-2019 10:34","727 9th St, Atlanta, GA 30301"
296272,"Flatscreen TV",P1017,1,"12-11-2019 17:11","170 Maple St, San Francisco, CA 94016"
296273,"Wired Headphones",P1011,1,"12-08-2019 06:49","584 West St, Los Angeles, CA 90001"
296274,"USB-C Charging Cable",P1003,1,"12-10-2019 19:44","871 Wilson St, Portland, ME 04101"
296275,"Lightning Charging Cable",P1009,1,"12-06-2019 08:57","159 14th St, Portland, OR 97035"
296276,"Vareebadd Phone",P1013,1,"12-02-2019 23:53","186 14th St, New York City, NY 10001"
296276,"USB-C Charging Cable",P1003,1,"12-01-2019 21:49","186 14th St, New York City, NY 10001"
296277,"34in Ultrawide Monitor",P1016,1,"12-01-2019 19:14","839 Lake St, New York City, NY 10001"
296278,"AAA Batteries (4-pack)",P1007,3,"12-01-2019 19:14","666 Sunset St, Atlanta, GA 30301"
296279,"Lightning Charging Cable",P1009,1,"12-05-2019 22:49","80 Chestnut St, Los Angeles, CA 90001"
296280,"Apple Airpods Headphones",P1012,1,"12-09-2019 08:07","737 Elm St, Atlanta, GA 30301"
296281,"Apple Airpods Headphones",P1012,1,"12-11-2019 14:35","942 Ridge St, New York City, NY 10001"
296282,"AA Batteries (4-pack)",P1005,1,"12-12-2019 12:00","954 West St, San Francisco, CA 94016"
296283,"AAA Batteries (4-pack)",P1007,1,"12-12-2019 13:41","654 Cedar St, Boston, MA 02215"
296284,"Lightning Charging Cable",P1009,1,"12-05-2019 09:23","145 South St, San Francisco, CA 94016"
296285,"Lightning Charging Cable",P1009,2,"12-01-2019 20:20","484 Cherry St, Dallas, TX 75001"
296286,"AAA Batteries (4-pack)",P1007,2,"12-05-2019 09:07","790 Wilson St, Dallas, TX 75001"
296287,"Bose SoundSport Headphones",P1006,1,"12-08-2019 13:38","322 North St, Seattle, WA 98101"
296288,"Flatscreen TV",P1017,1,"12-11-2019 20:25","277 Wilson St, New York City, NY 10001"
296289,"Wired Headphones",P1011,1,"12-11-2019 20:25","419 14th St, Portland, OR 97035"
296290,"Lightning Charging Cable",P1009,1,"12-11-2019 20:25","157 10th St, Portland, OR 97035"
296291,"34in Ultrawide Monitor",P1016,1,"12-05-2019 10:30","885 Ridge St, Atlanta, GA 30301"
296292,"Lightning Charging Cable",P1009,1,"12-01-2019 11:43","907 Pine St, Boston, MA 02215"
296293,"Wired Headphones",P1011,1,"12-11-2019 18:35","896 Sunset St, New York City, NY 10001"
296294,"Apple Airpods Headphones",P1012,1,"12-11-2019 20:36","360 6th St, Portland, ME 04101"
296295,"AAA Batteries (4-pack)",P1007,1,"12-07-2019 13:42","445 Washington St, Portland, OR 97035"
296296,"Lightning Charging Cable",P1009,1,"12-03-2019 20:18","447 Lake St, New York City, NY 10001"
296297,"USB-C Charging Cable",P1003,1,"12-04-2019 18:43","224 Washington St, Los Angeles, CA 90001"
296298,"Lightning Charging Cable",P1009,1,"12-09-2019 20:06","709 12th St, Los Angeles, CA 90001"
296299,"USB-C Charging Cable",P1003,1,"12-09-2019 20:06","160 5th St, San Francisco, CA 94016"
296300,"AA Batteries (4-pack)",P1005,2,"12-09-2019 17:32","828 Lake St, New York City, NY 10001"
296301,"AA Batteries (4-pack)",P1005,1,"12-12-2019 09:13","722 7th St, Los Angeles, CA 90001"
296302,"Apple Airpods Headphones",P1012,1,"12-01-2019 17:00","620 Cedar St, Boston, MA 02215"
296303,"Lightning Charging Cable",P1009,1,"12-12-2019 16:23","843 Ridge St, New York City, NY 10001"
296304,"AAA Batteries (4-pack)",P1007,7,"12-08-2019 22:19","567 Highland St, San Francisco, CA 94016"
296305,"AA Batteries (4-pack)",P1005,2,"12-08-2019 01:31","327 7th St, Portland, OR 97035"
296306,"AAA Batteries (4-pack)",P1007,2,"12-06-2019 19:32","703 Hickory St, San Francisco, CA 94016"
296307,"Apple Airpods Headphones",P1012,1,"12-04-2019 09:39","536 Main St, Seattle, WA 98101"
296308,"USB-C Charging Cable",P1003,1,"12-03-2019 21:41","873 Madison St, San Francisco, CA 94016"
296309,"27in 4K Gaming Monitor",P1018,1,"12-02-2019 14:48","125 Church St, New York City, NY 10001"
296310,"AAA Batteries (4-pack)",P1007,1,"12-05-2019 11:54","994 West St, New York City, NY 10001"
296311,"USB-C Charging Cable",P1003,1,"12-10-2019 10:08","385 Park St, Dallas, TX 75001"
296312,"Lightning Charging Cable",P1009,1,"12-11-2019 09:00","432 7th St, Boston, MA 02215"
296313,"27in 4K Gaming Monitor",P1018,1,"12-06-2019 15:18","670 Highland St, San Francisco, CA 94016"
296314,"34in Ultrawide Monitor",P1016,1,"12-12-2019 17:39","931 7th St, Boston, MA 02215"
296315,"USB-C Charging Cable",P1003,1,"12-08-2019 20:44","937 Spruce St, San Francisco, CA 94016"
296316,"AAA Batteries (4-pack)",P1007,1,"12-07-2019 07:30","325 Walnut St, Austin, TX 73301"
296317,"AA Batteries (4-pack)",P1005,1,"12-07-2019 07:30","949 Elm St, Austin, TX 73301"
296318,"Bose SoundSport Headphones",P1006,1,"12-07-2019 19:26","35 Madison St, San Francisco, CA 94016"
296319,"20in Monitor",P1015,1,"12-06-2019 10:54","208 6th St, Dallas, TX 75001"
296320,"AA Batteries (4-pack)",P1005,2,"12-04-2019 22:00","635 Lake St, Portland, OR 97035"
296321,"Bose SoundSport Headphones",P1006,1,"12-01-2019 15:18","51 Hickory St, San Francisco, CA 94016"
296322,"AA Batteries (4-pack)",P1005,2,"12-12-2019 09:48","627 4th St, Portland, ME 04101"
296323,"Lightning Charging Cable",P1009,1,"12-09-2019 01:28","945 14th St, Atlanta, GA 30301"
296324,"34in Ultrawide Monitor",P1016,1,"12-07-2019 09:19","76 Madison St, New York City, NY 10001"
296325,"Macbook Pro Laptop",P1001,1,"12-06-2019 11:40","755 Adams St, Seattle, WA 98101"
296326,"20in Monitor",P1015,1,"12-03-2019 13:54","178 12th St, Los Angeles, CA 90001"
296327,"USB-C Charging Cable",P1003,1,"12-02-2019 12:01","327 Chestnut St, Los Angeles, CA 90001"
296328,"USB-C Charging Cable",P1003,1,"12-10-2019 14:52","558 2nd St, New York City, NY 10001"
296329,"LG Washing Machine",P1002,1,"12-02-2019 13:39","194 South St, San Francisco, CA 94016"
296330,"Wired Headphones",P1011,1,"12-02-2019 13:39","298 Jackson St, San Francisco, CA 94016"
296331,"Flatscreen TV",P1017,1,"12-11-2019 13:24","473 6th St, Seattle, WA 98101"
296332,"USB-C Charging Cable",P1003,1,"12-02-2019 19:29","991 Dogwood St, New York City, NY 10001"
296333,"27in 4K Gaming Monitor",P1018,1,"12-10-2019 23:54","587 Lakeview St, Boston, MA 02215"
296334,"Lightning Charging Cable",P1009,1,"12-01-2019 10:06","952 Dogwood St, Los Angeles, CA 90001"
296335,"Wired Headphones",P1011,1,"12-11-2019 21:37","850 Walnut St, San Francisco, CA 94016"
296336,"Lightning Charging Cable",P1009,1,"12-08-2019 08:19","407 Highland St, Los Angeles, CA 90001"
296337,"34in Ultrawide Monitor",P1016,1,"12-08-2019 20:56","783 South St, Los Angeles, CA 90001"
296338,"USB-C Charging Cable",P1003,1,"12-08-2019 11:11","595 Lake St, San Francisco, CA 94016"
296339,"USB-C Charging Cable",P1003,2,"12-11-2019 06:31","585 Washington St, New York City, NY 10001"
296340,"AAA Batteries (4-pack)",P1007,2,"12-08-2019 13:20","873 North St, Los Angeles, CA 90001"
296341,"AAA Batteries (4-pack)",P1007,1,"12-07-2019 19:09","634 Elm St, Dallas, TX 75001"
296342,"USB-C Charging Cable",P1003,1,"12-11-2019 10:23","391 7th St, San Francisco, CA 94016"
296343,"27in 4K Gaming Monitor",P1018,1,"12-06-2019 12:56","486 10th St, San Francisco, CA 94016"
296344,"27in FHD Monitor",P1004,1,"12-10-2019 20:05","887 Jackson St, San Francisco, CA 94016"
296345,"AA Batteries (4-pack)",P1005,1,"12-03-2019 11:38","790 Jackson St, San Francisco, CA 94016"
296346,"Macbook Pro Laptop",P1001,1,"12-07-2019 18:20","818 Willow St, Boston, MA 02215"
296347,"Google Phone",P1010,1,"12-03-2019 17:44","65 11th St, Boston, MA 02215"
296348,"AA Batteries (4-pack)",P1005,3,"12-04-2019 04:03","25 Lake St, Dallas, TX 75001"
296349,"Lightning Charging Cable",P1009,1,"12-09-2019 04:34","995 4th St, Boston, MA 02215"
296350,"Wired Headphones",P1011,1,"12-09-2019 04:34","804 Center St, San Francisco, CA 94016"
296351,"ThinkPad Laptop",P1008,1,"12-11-2019 13:46","168 10th St, Portland, ME 04101"
296352,"Lightning Charging Cable",P1009,1,"12-04-2019 18:34","478 Sunset St, Los Angeles, CA 90001"
296353,iPhone,P1014,1,"12-05-2019 20:26","475 Cedar St, Los Angeles, CA 90001"
296353,"Lightning Charging Cable",P1009,1,"12-02-2019 10:14","475 Cedar St, Los Angeles, CA 90001"
296353,"Wired Headphones",P1011,1,"12-10-2019 21:53","475 Cedar St, Los Angeles, CA 90001"
296353,"AA Batteries (4-pack)",P1005,2,"12-04-2019 17:52","475 Cedar St, Los Angeles, CA 90001"
296354,"Vareebadd Phone",P1013,1,"12-05-2019 14:32","299 Lake St, Atlanta, GA 30301"
296354,"USB-C Charging Cable",P1003,1,"12-09-2019 17:51","299 Lake St, Atlanta, GA 30301"
296355,"Lightning Charging Cable",P1009,1,"12-03-2019 20:35","142 North St, Seattle, WA 98101"
296356,"20in Monitor",P1015,1,"12-06-2019 21:53","61 Maple St, Portland, ME 04101"
296357,"USB-C Charging Cable",P1003,1,"12-01-2019 16:52","529 7th St, Atlanta, GA 30301"
296358,"34in Ultrawide Monitor",P1016,1,"12-03-2019 12:31","61 4th St, Seattle, WA 98101"
296359,"AA Batteries (4-pack)",P1005,1,"12-08-2019 10:54","53 Forest St, San Francisco, CA 94016"
296360,"Google Phone",P1010,1,"12-11-2019 00:15","979 Sunset St, New York City, NY 10001"
296361,"Wired Headphones",P1011,1,"12-03-2019 11:56","577 Hickory St, San Francisco, CA 94016"
296362,"Lightning Charging Cable",P1009,1,"12-11-2019 09:40","677 Church St, Atlanta, GA 30301"
296363,"AA Batteries (4-pack)",P1005,3,"12-04-2019 17:16","583 11th St, New York City, NY 10001"
296364,"USB-C Charging Cable",P1003,1,"12-05-2019 10:45","486 Cedar St, San Francisco, CA 94016"
296365,"Vareebadd Phone",P1013,1,"12-09-2019 12:01","444 1st St, Austin, TX 73301"
296366,"USB-C Charging Cable",P1003,1,"12-12-2019 15:45","588 Johnson St, San Francisco, CA 94016"
296367,iPhone,P1014,1,"12-02-2019 14:51","902 Dogwood St, Portland, OR 97035"
296368,"34in Ultrawide Monitor",P1016,1,"12-04-2019 10:58","223 10th St, New York City, NY 10001"
296369,"Wired Headphones",P1011,1,"12-07-2019 19:55","171 West St, Portland, OR 97035"
296370,"27in FHD Monitor",P1004,1,"12-02-2019 22:58","555 13th St, Boston, MA 02215"
296371,iPhone,P1014,1,"12-05-2019 21:20","234 Cherry St, Los Angeles, CA 90001"
296372,"AA Batteries (4-pack)",P1005,1,"12-01-2019 13:29","638 Forest St, Dallas, TX 75001"
296373,"Wired Headphones",P1011,1,"12-02-2019 13:25","924 Washington St, San Francisco, CA 94016"
296374,"AAA Batteries (4-pack)",P1007,1,"12-05-2019 19:06","212 Walnut St, Boston, MA 02215"
296375,"Lightning Charging Cable",P1009,1,"12-10-2019 16:33","564 10th St, Seattle, WA 98101"
296376,"LG Dryer",P1019,1,"12-11-2019 13:04","817 Meadow St, Portland, OR 97035"
296377,"Apple Airpods Headphones",P1012,1,"12-04-2019 14:55","694 Washington St, New York City, NY 10001"
296378,"Wired Headphones",P1011,1,"12-12-2019 08:50","190 Spruce St, Atlanta, GA 30301"
296379,"Lightning Charging Cable",P1009,1,"12-02-2019 14:42","533 5th St, Los Angeles, CA 90001"
296380,"USB-C Charging Cable",P1003,1,"12-07-2019 14:38","474 Washington St, Seattle, WA 98101"
296381,"Lightning Charging Cable",P1009,1,"12-06-2019 21:28","146 Wilson St, New York City, NY 10001"
296382,iPhone,P1014,1,"12-09-2019 07:36","215 Willow St, Dallas, TX 75001"
296383,"Lightning Charging Cable",P1009,1,"12-03-2019 10:25","118 Park St, San Francisco, CA 94016"
296384,"Lightning Charging Cable",P1009,1,"12-08-2019 13:29","159 Willow St, San Francisco, CA 94016"
296385,"34in Ultrawide Monitor",P1016,1,"12-06-2019 16:42","120 Center St, Portland, OR 97035"
296386,"AA Batteries (4-pack)",P1005,1,"12-03-2019 12:50","521 Center St, Portland, OR 97035"
296387,"USB-C Charging Cable",P1003,2,"12-04-2019 19:04","40 North St, Portland, OR 97035"
296388,"AA Batteries (4-pack)",P1005,1,"12-03-2019 12:03","801 7th St, New York City, NY 10001"
296389,iPhone,P1014,1,"12-03-2019 12:29","692 West St, Portland, OR 97035"
296390,iPhone,P1014,1,"12-02-2019 09:18","619 Jackson St, New York City, NY 10001"
296390,"Wired Headphones",P1011,1,"12-03-2019 18:17","619 Jackson St, New York City, NY 10001"
296391,"Google Phone",P1010,1,"12-01-2019 16:35","183 2nd St, San Francisco, CA 94016"
296392,"Apple Airpods Headphones",P1012,1,"12-05-2019 10:38","726 Dogwood St, Dallas, TX 75001"
296393,"USB-C Charging Cable",P1003,1,"12-02-2019 15:13","827 River St, San Francisco, CA 94016"
296394,"Lightning Charging Cable",P1009,1,"12-07-2019 06:39","762 Washington St, Seattle, WA 98101"
296395,"USB-C Charging Cable",P1003,1,"12-07-2019 18:00","697 Adams St, New York City, NY 10001"
296396,"Wired Headphones",P1011,1,"12-09-2019 19:26","58 Elm St, Los Angeles, CA 90001"
296397,"Lightning Charging Cable",P1009,1,"12-12-2019 18:28","268 West St, Boston, MA 02215"
296398,"AAA Batteries (4-pack)",P1007,1,"12-01-2019 13:25","845 4th St, San Francisco, CA 94016"
296399,"AAA Batteries (4-pack)",P1007,1,"12-03-2019 15:32","546 Church St, Atlanta, GA 30301"
296400,"AA Batteries (4-pack)",P1005,1,"12-03-2019 15:32","791 Highland St, Portland, OR 97035"
296401,"Wired Headphones",P1011,1,"12-03-2019 15:32","853 Elm St, Seattle, WA 98101"
296402,"USB-C Charging Cable",P1003,1,"12-08-2019 11:57","306 Chestnut St, San Francisco, CA 94016"
296403,"Wired Headphones",P1011,1,"12-10-2019 00:09","209 5th St, Los Angeles, CA 90001"
296404,"Bose SoundSport Headphones",P1006,1,"12-05-2019 21:35","268 Sunset St, Boston, MA 02215"
296405,"Wired Headphones",P1011,2,"12-04-2019 18:56","391 Lakeview St, San Francisco, CA 94016"
296406,"ThinkPad Laptop",P1008,1,"12-04-2019 18:56","799 Sunset St, Los Angeles, CA 90001"
296407,"USB-C Charging Cable",P1003,1,"12-08-2019 21:00","645 Hickory St, New York City, NY 10001"
296408,"Wired Headphones",P1011,1,"12-08-2019 13:33","964 River St, San Francisco, CA 94016"
296409,"AAA Batteries (4-pack)",P1007,2,"12-12-2019 12:21","507 Johnson St, San Francisco, CA 94016"
296410,"Lightning Charging Cable",P1009,1,"12-12-2019 12:21","716 Johnson St, New York City, NY 10001"
296411,"Lightning Charging Cable",P1009,2,"12-11-2019 23:57","538 Park St, Boston, MA 02215"
296412,"Apple Airpods Headphones",P1012,1,"12-04-2019 08:34","403 Chestnut St, Atlanta, GA 30301"
296413,"Flatscreen TV",P1017,1,"12-04-2019 08:34","389 Washington St, Atlanta, GA 30301"
296414,"34in Ultrawide Monitor",P1016,1,"12-12-2019 21:37","815 Maple St, Dallas, TX 75001"
296415,"Bose SoundSport Headphones",P1006,1,"12-01-2019 11:14","236 Hill St, Boston, MA 02215"
296416,"Bose SoundSport Headphones",P1006,1,"12-07-2019 19:14","373 9th St, New York City, NY 10001"
296417,"AA Batteries (4-pack)",P1005,1,"12-12-2019 19:57","595 Spruce St, San Francisco, CA 94016"
296418,"AA Batteries (4-pack)",P1005,2,"12-05-2019 16:26","277 Lakeview St, San Francisco, CA 94016"
296419,"Lightning Charging Cable",P1009,1,"12-12-2019 11:46","509 Walnut St, Portland, OR 97035"
296420,"USB-C Charging Cable",P1003,2,"12-07-2019 13:55","414 North St, Atlanta, GA 30301"
296421,"USB-C Charging Cable",P1003,1,"12-01-2019 17:19","973 Walnut St, Austin, TX 73301"
296422,"USB-C Charging Cable",P1003,1,"12-01-2019 11:22","351 6th St, Atlanta, GA 30301"
296423,"27in 4K Gaming Monitor",P1018,1,"12-01-2019 11:22","95 Ridge St, Los Angeles, CA 90001"
296424,"Apple Airpods Headphones",P1012,1,"12-10-2019 10:37","999 Madison St, San Francisco, CA 94016"
296425,"Lightning Charging Cable",P1009,1,"12-09-2019 15:29","188 Cherry St, Los Angeles, CA 90001"
296426,"AA Batteries (4-pack)",P1005,2,"12-10-2019 18:45","651 Dogwood St, Boston, MA 02215"
296427,"Lightning Charging Cable",P1009,1,"12-12-2019 16:26","326 9th St, Atlanta, GA 30301"
296428,"Lightning Charging Cable",P1009,1,"12-05-2019 00:04","933 6th St, San Francisco, CA 94016"
296429,"AA Batteries (4-pack)",P1005,2,"12-05-2019 18:51","805 Cherry St, Los Angeles, CA 90001"
296430,"Lightning Charging Cable",P1009,1,"12-08-2019 01:20","217 Hickory St, San Francisco, CA 94016"
296431,"Bose SoundSport Headphones",P1006,1,"12-04-2019 06:28","519 Lakeview St, Seattle, WA 98101"
296432,"AAA Batteries (4-pack)",P1007,1,"12-02-2019 19:06","911 Cherry St, Boston, MA 02215"
296433,"Apple Airpods Headphones",P1012,1,"12-09-2019 19:23","596 13th St, San Francisco, CA 94016"
296434,"Wired Headphones",P1011,1,"12-07-2019 15:30","745 13th St, New York City, NY 10001"
296435,"Lightning Charging Cable",P1009,1,"12-10-2019 19:48","536 Maple St, Los Angeles, CA 90001"
296436,"Vareebadd Phone",P1013,1,"12-02-2019 22:26","939 River St, Los Angeles, CA 90001"
296437,"Flatscreen TV",P1017,1,"12-11-2019 15:09","19 12th St, Seattle, WA 98101"
296438,"Vareebadd Phone",P1013,1,"12-07-2019 17:48","355 Pine St, San Francisco, CA 94016"
296439,"34in Ultrawide Monitor",P1016,1,"12-01-2019 09:27","882 Elm St, Seattle, WA 98101"
296440,"Macbook Pro Laptop",P1001,1,"12-01-2019 09:27","988 Spruce St, Boston, MA 02215"
296441,"Apple Airpods Headphones",P1012,1,"12-09-2019 08:09","969 11th St, Boston, MA 02215"
296442,"Google Phone",P1010,1,"12-04-2019 14:46","364 North St, Boston, MA 02215"
296442,"USB-C Charging Cable",P1003,1,"12-06-2019 09:50","364 North St, Boston, MA 02215"
296443,"Vareebadd Phone",P1013,1,"12-10-2019 20:18","181 12th St, Austin, TX 73301"
296443,"Bose SoundSport Headphones",P1006,1,"12-08-2019 22:08","181 12th St, Austin, TX 73301"
296444,"AAA Batteries (4-pack)",P1007,4,"12-03-2019 11:15","504 Hickory St, Atlanta, GA 30301"
296444,"USB-C Charging Cable",P1003,1,"12-03-2019 11:15","504 Hickory St, Atlanta, GA 30301"
296445,"AAA Batteries (4-pack)",P1007,1,"12-11-2019 09:03","458 Jefferson St, Boston, MA 02215"
296446,"Apple Airpods Headphones",P1012,1,"12-01-2019 18:01","653 Park St, San Francisco, CA 94016"
296447,"Macbook Pro Laptop",P1001,1,"12-06-2019 13:16","585 Willow St, San Francisco, CA 94016"
296448,"Bose SoundSport Headphones",P1006,1,"12-06-2019 22:49","907 Willow St, San Francisco, CA 94016"
296449,"Wired Headphones",P1011,2,"12-07-2019 17:27","354 10th St, Los Angeles, CA 90001"
296450,"Bose SoundSport Headphones",P1006,1,"12-01-2019 15:20","498 Walnut St, Atlanta, GA 30301"
296451,"USB-C Charging Cable",P1003,1,"12-09-2019 19:57","400 4th St, Los Angeles, CA 90001"
296452,"USB-C Charging Cable",P1003,1,"12-03-2019 13:19","16 Chestnut St, Portland, OR 97035"
296453,"AA Batteries (4-pack)",P1005,1,"12-11-2019 13:29","981 Hill St, Portland, OR 97035"
296454,"AAA Batteries (4-pack)",P1007,1,"12-06-2019 01:39","965 Main St, San Francisco, CA 94016"
296455,"USB-C Charging Cable",P1003,1,"12-02-2019 14:49","473 South St, San Francisco, CA 94016"
296456,"Apple Airpods Headphones",P1012,1,"12-08-2019 10:17","937 River St, San Francisco, CA 94016"
296457,"Apple Airpods Headphones",P1012,1,"12-04-2019 10:17","125 Main St, New York City, NY 10001"
296458,"ThinkPad Laptop",P1008,1,"12-04-2019 23:04","881 Walnut St, Boston, MA 02215"
296459,"Wired Headphones",P1011,1,"12-02-2019 19:52","621 Cherry St, Los Angeles, CA 90001"
296460,"AA Batteries (4-pack)",P1005,1,"12-02-2019 22:47","444 5th St, Dallas, TX 75001"
296461,"Apple Airpods Headphones",P1012,1,"12-10-2019 11:36","802 9th St, Boston, MA 02215"
296462,"AAA Batteries (4-pack)",P1007,5,"12-12-2019 05:50","584 Spruce St, Boston, MA 02215"
296463,"34in Ultrawide Monitor",P1016,1,"12-11-2019 14:04","348 Lakeview St, Dallas, TX 75001"
296464,"AAA Batteries (4-pack)",P1007,3,"12-03-2019 15:26","286 1st St, San Francisco, CA 94016"
296465,"AA Batteries (4-pack)",P1005,1,"12-11-2019 13:24","822 South St, Portland, OR 97035"
296466,"Wired Headphones",P1011,1,"12-06-2019 16:20","626 4th St, Portland, ME 04101"
296467,"Wired Headphones",P1011,1,"12-12-2019 21:50","700 11th St, San Francisco, CA 94016"
296468,"Wired Headphones",P1011,1,"12-11-2019 21:49","784 Elm St, San Francisco, CA 94016"
296469,"AA Batteries (4-pack)",P1005,1,"12-12-2019 17:15","582 Chestnut St, New York City, NY 10001"
296470,"AA Batteries (4-pack)",P1005,2,"12-08-2019 20:37","29 Meadow St, Dallas, TX 75001"
296471,"Google Phone",P1010,1,"12-10-2019 17:22","510 Elm St, Dallas, TX 75001"
296472,"LG Dryer",P1019,1,"12-09-2019 12:15","199 Cedar St, Dallas, TX 75001"
296473,"Bose SoundSport Headphones",P1006,1,"12-05-2019 23:04","854 Hickory St, San Francisco, CA 94016"
296474,iPhone,P1014,1,"12-01-2019 12:33","464 Jefferson St, New York City, NY 10001"
296475,"27in 4K Gaming Monitor",P1018,1,"12-01-2019 17:37","309 South St, Los Angeles, CA 90001"
296476,"27in FHD Monitor",P1004,1,"12-08-2019 17:37","723 13th St, Boston, MA 02215"
296477,"Apple Airpods Headphones",P1012,1,"12-07-2019 12:23","548 West St, Dallas, TX 75001"
296478,"Wired Headphones",P1011,1,"12-08-2019 17:52","915 6th St, Atlanta, GA 30301"
296479,"USB-C Charging Cable",P1003,1,"12-01-2019 10:46","499 River St, Los Angeles, CA 90001"
296480,"Wired Headphones",P1011,1,"12-10-2019 08:01","874 Adams St, Austin, TX 73301"
296481,"Vareebadd Phone",P1013,1,"12-01-2019 12:42","347 Wilson St, New York City, NY 10001"
296482,"Flatscreen TV",P1017,1,"12-03-2019 17:49","135 9th St, San Francisco, CA 94016"
296483,"ThinkPad Laptop",P1008,1,"12-01-2019 14:29","146 Cherry St, Atlanta, GA 30301"
296484,"Lightning Charging Cable",P1009,2,"12-11-2019 11:39","146 Meadow St, San Francisco, CA 94016"
296485,"LG Dryer",P1019,1,"12-10-2019 18:32","794 Church St, Austin, TX 73301"
296486,"USB-C Charging Cable",P1003,2,"12-02-2019 20:18","369 Forest St, Dallas, TX 75001"
296487,"AAA Batteries (4-pack)",P1007,1,"12-08-2019 19:43","925 2nd St, New York City, NY 10001"
296488,"USB-C Charging Cable",P1003,1,"12-04-2019 11:39","814 Madison St, San Francisco, CA 94016"
296489,"Apple Airpods Headphones",P1012,1,"12-02-2019 09:32","888 Cedar St, New York City, NY 10001"
296490,"USB-C Charging Cable",P1003,1,"12-07-2019 03:14","682 South St, Austin, TX 73301"
296491,"27in 4K Gaming Monitor",P1018,1,"12-02-2019 07:03","623 Church St, Los Angeles, CA 90001"
296492,"Wired Headphones",P1011,1,"12-02-2019 17:05","992 Forest St, Atlanta, GA 30301"
296493,"ThinkPad Laptop",P1008,1,"12-03-2019 16:23","403 Main St, Boston, MA 02215"
296494,"Lightning Charging Cable",P1009,1,"12-12-2019 17:24","873 9th St, Boston, MA 02215"
296495,"ThinkPad Laptop",P1008,1,"12-04-2019 12:50","389 North St, Los Angeles, CA 90001"
296496,"Wired Headphones",P1011,1,"12-02-2019 21:58","119 Elm St, Austin, TX 73301"
296497,iPhone,P1014,1,"12-12-2019 11:56","572 13th St, Los Angeles, CA 90001"
296498,"27in 4K Gaming Monitor",P1018,1,"12-10-2019 21:07","452 Sunset St, Dallas, TX 75001"
296499,"AAA Batteries (4-pack)",P1007,2,"12-05-2019 00:33","70 8th St, San Francisco, CA 94016"
296500,"AA Batteries (4-pack)",P1005,1,"12-12-2019 18:29","621 8th St, Austin, TX 73301"
296501,"AA Batteries (4-pack)",P1005,1,"12-01-2019 13:16","30 4th St, Atlanta, GA 30301"
296502,"Apple Airpods Headphones",P1012,1,"12-09-2019 10:16","82 Lake St, New York City, NY 10001"
296503,"Apple Airpods Headphones",P1012,1,"12-05-2019 23:47","998 Pine St, New York City, NY 10001"
296504,"27in FHD Monitor",P1004,1,"12-10-2019 19:03","614 Washington St, San Francisco, CA 94016"
296505,"AAA Batteries (4-pack)",P1007,1,"12-02-2019 11:45","310 Hickory St, Portland, ME 04101"
296506,"20in Monitor",P1015,1,"12-04-2019 10:43","276 South St, Portland, ME 04101"
296507,"Bose SoundSport Headphones",P1006,1,"12-02-2019 14:11","218 Sunset St, San Francisco, CA 94016"
296508,"Bose SoundSport Headphones",P1006,1,"12-11-2019 13:24","980 Main St, San Francisco, CA 94016"
296509,"USB-C Charging Cable",P1003,1,"12-04-2019 17:27","486 Park St, New York City, NY 10001"
296510,"AAA Batteries (4-pack)",P1007,1,"12-02-2019 18:45","342 Elm St, San Francisco, CA 94016"
296511,"27in FHD Monitor",P1004,1,"12-05-2019 03:41","503 Madison St, Austin, TX 73301"
296512,"AAA Batteries (4-pack)",P1007,1,"12-06-2019 17:26","244 Washington St, Atlanta, GA 30301"
296513,"Lightning Charging Cable",P1009,1,"12-09-2019 18:50","230 Pine St, Portland, OR 97035"
296514,"Wired Headphones",P1011,1,"12-04-2019 21:35","548 5th St, San Francisco, CA 94016"
296515,"AA Batteries (4-pack)",P1005,1,"12-01-2019 17:00","966 Church St, Atlanta, GA 30301"
296516,"Wired Headphones",P1011,1,"12-09-2019 19:31","979 Lakeview St, Dallas, TX 75001"
296517,"AA Batteries (4-pack)",P1005,1,"12-09-2019 18:57","454 Hickory St, San Francisco, CA 94016"
296518,"Macbook Pro Laptop",P1001,1,"01-01-2020 00:22","866 Willow St, Boston, MA 02215"
296519,"USB-C Charging Cable",P1003,1,"01-01-2020 00:22","334 Lake St, Los Angeles, CA 90001"
296520,"Google Phone",P1010,1,"12-10-2019 07:24","7 Jackson St, Boston, MA 02215"
296520,"USB-C Charging Cable",P1003,1,"12-10-2019 21:57","7 Jackson St, Boston, MA 02215"
296521,"Lightning Charging Cable",P1009,1,"12-09-2019 12:57","380 Chestnut St, Dallas, TX 75001"
296522,"USB-C Charging Cable",P1003,1,"12-09-2019 23:15","500 11th St, San Francisco, CA 94016"
296523,"Bose SoundSport Headphones",P1006,1,"12-01-2019 17:44","355 Sunset St, Boston, MA 02215"
296524,"Lightning Charging Cable",P1009,1,"12-12-2019 15:07","614 1st St, Portland, OR 97035"
296525,"Bose SoundSport Headphones",P1006,1,"12-03-2019 22:04","125 Lakeview St, Seattle, WA 98101"
296526,"Google Phone",P1010,1,"12-05-2019 00:25","39 Lincoln St, Los Angeles, CA 90001"
296527,"AA Batteries (4-pack)",P1005,1,"12-12-2019 12:36","844 11th St, San Francisco, CA 94016"
296528,"AA Batteries (4-pack)",P1005,2,"12-04-2019 17:11","118 Chestnut St, Los Angeles, CA 90001"
296529,"Google Phone",P1010,1,"12-02-2019 13:09","717 14th St, Atlanta, GA 30301"
296530,"Apple Airpods Headphones",P1012,1,"12-01-2019 20:45","806 Elm St, Dallas, TX 75001"
296531,"27in FHD Monitor",P1004,1,"12-12-2019 15:29","791 Lincoln St, San Francisco, CA 94016"
296531,"Bose SoundSport Headphones",P1006,1,"12-01-2019 15:06","791 Lincoln St, San Francisco, CA 94016"
296532,"AA Batteries (4-pack)",P1005,2,"12-01-2019 15:06","279 Wilson St, New York City, NY 10001"
296533,"Flatscreen TV",P1017,1,"12-03-2019 17:15","993 11th St, Boston, MA 02215"
296534,"USB-C Charging Cable",P1003,1,"12-12-2019 23:34","663 9th St, San Francisco, CA 94016"
296535,"AAA Batteries (4-pack)",P1007,1,"12-07-2019 14:07","197 7th St, Dallas, TX 75001"
296536,"Macbook Pro Laptop",P1001,1,"12-04-2019 08:54","453 Ridge St, San Francisco, CA 94016"
296537,"USB-C Charging Cable",P1003,1,"12-04-2019 16:14","567 Forest St, Boston, MA 02215"
296538,"AAA Batteries (4-pack)",P1007,1,"12-06-2019 00:50","144 South St, Atlanta, GA 30301"
296539,"AAA Batteries (4-pack)",P1007,1,"12-03-2019 06:40","916 10th St, San Francisco, CA 94016"
296540,"USB-C Charging Cable",P1003,1,"12-03-2019 16:27","602 13th St, Portland, OR 97035"
296541,"Wired Headphones",P1011,1,"12-03-2019 16:52","160 Adams St, San Francisco, CA 94016"
296542,"USB-C Charging Cable",P1003,1,"12-06-2019 18:54","578 1st St, Portland, OR 97035"
296543,"27in FHD Monitor",P1004,1,"12-04-2019 21:10","593 Cherry St, Los Angeles, CA 90001"
296544,"Lightning Charging Cable",P1009,1,"12-05-2019 10:25","942 Center St, Atlanta, GA 30301"
296545,"USB-C Charging Cable",P1003,1,"12-02-2019 22:01","52 Maple St, Austin, TX 73301"
296546,"Macbook Pro Laptop",P1001,1,"12-12-2019 05:58","565 Forest St, San Francisco, CA 94016"
296547,"ThinkPad Laptop",P1008,1,"12-05-2019 12:03","225 14th St, Boston, MA 02215"
296548,"Bose SoundSport Headphones",P1006,1,"12-12-2019 20:37","92 Center St, Los Angeles, CA 90001"
296549,"34in Ultrawide Monitor",P1016,1,"12-05-2019 22:37","740 7th St, New York City, NY 10001"
296550,"AA Batteries (4-pack)",P1005,1,"12-06-2019 22:45","210 Center St, Dallas, TX 75001"
296551,"Apple Airpods Headphones",P1012,1,"12-06-2019 19:19","753 1st St, Los Angeles, CA 90001"
296552,"AAA Batteries (4-pack)",P1007,2,"12-10-2019 16:20","666 1st St, Atlanta, GA 30301"
296553,"USB-C Charging Cable",P1003,1,"12-10-2019 17:29","61 Walnut St, San Francisco, CA 94016"
296554,"27in FHD Monitor",P1004,1,"12-01-2019 10:31","983 Hickory St, Portland, OR 97035"
296555,"Lightning Charging Cable",P1009,1,"12-10-2019 16:12","193 Church St, Boston, MA 02215"
296556,"USB-C Charging Cable",P1003,1,"12-03-2019 00:07","391 South St, Dallas, TX 75001"
296557,"Wired Headphones",P1011,1,"12-11-2019 12:14","89 Walnut St, San Francisco, CA 94016"
296558,"Wired Headphones",P1011,1,"12-05-2019 12:29","979 Wilson St, Seattle, WA 98101"
296559,"Bose SoundSport Headphones",P1006,1,"12-03-2019 22:52","804 West St, San Francisco, CA 94016"
296560,"AA Batteries (4-pack)",P1005,3,"12-04-2019 11:59","616 Elm St, Portland, OR 97035"
296561,"Lightning Charging Cable",P1009,1,"12-01-2019 23:10","146 North St, Los Angeles, CA 90001"
296562,"Apple Airpods Headphones",P1012,1,"12-08-2019 12:06","748 Spruce St, San Francisco, CA 94016"
296563,"Macbook Pro Laptop",P1001,1,"12-11-2019 11:10","64 South St, Portland, OR 97035"
296564,"Lightning Charging Cable",P1009,1,"12-04-2019 19:44","927 Hickory St, Seattle, WA 98101"
296565,"AAA Batteries (4-pack)",P1007,1,"12-04-2019 21:58","915 Wilson St, Boston, MA 02215"
296566,"Lightning Charging Cable",P1009,1,"12-12-2019 12:33","343 Park St, New York City, NY 10001"
296567,"AA Batteries (4-pack)",P1005,1,"12-06-2019 17:05","77 Cedar St, Atlanta, GA 30301"
296568,"27in FHD Monitor",P1004,1,"12-11-2019 17:32","884 Highland St, San Francisco, CA 94016"
296569,"Lightning Charging Cable",P1009,1,"12-07-2019 12:28","733 10th St, Atlanta, GA 30301"
296570,"AAA Batteries (4-pack)",P1007,1,"12-03-2019 08:56","769 Ridge St, San Francisco, CA 94016"
296571,"USB-C Charging Cable",P1003,1,"12-01-2019 23:34","792 8th St, Dallas, TX 75001"
296572,"USB-C Charging Cable",P1003,1,"12-11-2019 21:18","866 Washington St, San Francisco, CA 94016"
296573,"USB-C Charging Cable",P1003,1,"12-11-2019 21:18","557 Spruce St, San Francisco, CA 94016"
296574,iPhone,P1014,1,"12-08-2019 08:59","709 Spruce St, Los Angeles, CA 90001"
296574,"Wired Headphones",P1011,1,"12-10-2019 21:05","709 Spruce St, Los Angeles, CA 90001"
296575,"Bose SoundSport Headphones",P1006,1,"12-02-2019 13:03","780 North St, San Francisco, CA 94016"
296576,"Wired Headphones",P1011,1,"12-11-2019 12:56","569 13th St, San Francisco, CA 94016"
296577,"AA Batteries (4-pack)",P1005,1,"12-02-2019 15:51","406 Walnut St, San Francisco, CA 94016"
296578,"Apple Airpods Headphones",P1012,1,"12-07-2019 20:46","661 Lake St, Atlanta, GA 30301"
296579,"USB-C Charging Cable",P1003,2,"12-10-2019 18:34","391 Willow St, Boston, MA 02215"
296580,"Bose SoundSport Headphones",P1006,1,"01-01-2020 00:54","801 Johnson St, San Francisco, CA 94016"
296581,"Wired Headphones",P1011,1,"12-12-2019 14:56","306 Lincoln St, Atlanta, GA 30301"
296582,"Apple Airpods Headphones",P1012,1,"12-10-2019 00:24","319 Ridge St, Atlanta, GA 30301"
296583,"Wired Headphones",P1011,1,"12-05-2019 23:51","141 Jefferson St, Seattle, WA 98101"
296584,"Google Phone",P1010,1,"12-04-2019 17:33","586 Johnson St, San Francisco, CA 94016"
296585,"Lightning Charging Cable",P1009,1,"12-05-2019 10:30","890 Park St, Portland, ME 04101"
296586,"AA Batteries (4-pack)",P1005,1,"12-03-2019 13:45","12 Ridge St, San Francisco, CA 94016"
296587,"Apple Airpods Headphones",P1012,1,"12-08-2019 20:55","589 10th St, Seattle, WA 98101"
296588,"USB-C Charging Cable",P1003,1,"12-12-2019 00:04","728 Elm St, New York City, NY 10001"
296589,"27in 4K Gaming Monitor",P1018,1,"12-08-2019 23:29","995 Chestnut St, Los Angeles, CA 90001"
296590,"Lightning Charging Cable",P1009,1,"12-07-2019 10:29","938 1st St, Boston, MA 02215"
296591,"Apple Airpods Headphones",P1012,1,"12-02-2019 19:15","332 Sunset St, New York City, NY 10001"
296592,"27in FHD Monitor",P1004,1,"12-01-2019 17:51","368 4th St, Boston, MA 02215"
296593,"Apple Airpods Headphones",P1012,1,"12-04-2019 19:10","560 Cedar St, Atlanta, GA 30301"
296594,"Apple Airpods Headphones",P1012,1,"12-06-2019 15:05","629 Church St, Austin, TX 73301"
296595,"Lightning Charging Cable",P1009,1,"12-05-2019 10:11","793 10th St, Los Angeles, CA 90001"
296596,"USB-C Charging Cable",P1003,1,"12-04-2019 08:36","182 13th St, New York City, NY 10001"
296597,"AAA Batteries (4-pack)",P1007,1,"12-05-2019 12:19","527 Sunset St, Seattle, WA 98101"
296598,"AAA Batteries (4-pack)",P1007,3,"12-03-2019 23:38","757 Lake St, Seattle, WA 98101"
296599,"Apple Airpods Headphones",P1012,1,"12-08-2019 23:26","328 Jefferson St, San Francisco, CA 94016"
296600,"Apple Airpods Headphones",P1012,1,"12-11-2019 12:18","891 Willow St, Los Angeles, CA 90001"
296601,"Google Phone",P1010,1,"12-08-2019 10:32","115 River St, Los Angeles, CA 90001"
296602,"ThinkPad Laptop",P1008,1,"12-10-2019 13:59","313 Cedar St, Atlanta, GA 30301"
296603,"AAA Batteries (4-pack)",P1007,1,"12-09-2019 19:13","665 10th St, San Francisco, CA 94016"
296604,"USB-C Charging Cable",P1003,1,"12-03-2019 01:33","754 Center St, San Francisco, CA 94016"
296605,"Apple Airpods Headphones",P1012,1,"12-01-2019 17:44","127 2nd St, Dallas, TX 75001"
296606,"Wired Headphones",P1011,1,"12-11-2019 13:14","585 Main St, Dallas, TX 75001"
296607,"AA Batteries (4-pack)",P1005,3,"12-10-2019 23:40","549 Jackson St, San Francisco, CA 94016"
296608,"ThinkPad Laptop",P1008,1,"12-03-2019 22:27","987 River St, Atlanta, GA 30301"
296609,"Google Phone",P1010,1,"12-11-2019 21:25","176 Sunset St, Boston, MA 02215"
296609,"USB-C Charging Cable",P1003,1,"12-12-2019 07:15","176 Sunset St, Boston, MA 02215"
296610,"Bose SoundSport Headphones",P1006,1,"12-05-2019 19:29","245 9th St, Portland, OR 97035"
296611,"USB-C Charging Cable",P1003,1,"12-12-2019 23:05","603 14th St, New York City, NY 10001"
296612,"34in Ultrawide Monitor",P1016,1,"12-10-2019 11:34","161 Sunset St, New York City, NY 10001"
296613,"Apple Airpods Headphones",P1012,1,"12-12-2019 23:53","484 5th St, San Francisco, CA 94016"
296614,"Wired Headphones",P1011,1,"12-02-2019 20:53","590 Willow St, Atlanta, GA 30301"
296615,"Google Phone",P1010,1,"12-07-2019 21:57","909 Ridge St, San Francisco, CA 94016"
296616,"AAA Batteries (4-pack)",P1007,1,"12-11-2019 23:56","543 Hill St, Seattle, WA 98101"
296617,"ThinkPad Laptop",P1008,1,"12-05-2019 18:16","248 Washington St, San Francisco, CA 94016"
296618,"Wired Headphones",P1011,1,"12-06-2019 18:49","678 Hickory St, New York City, NY 10001"
296619,"27in 4K Gaming Monitor",P1018,1,"12-05-2019 10:58","543 4th St, Dallas, TX 75001"
296620,iPhone,P1014,1,"12-09-2019 23:57","139 Cedar St, Seattle, WA 98101"
296621,"AAA Batteries (4-pack)",P1007,1,"12-03-2019 13:18","412 Sunset St, Seattle, WA 98101"
296622,iPhone,P1014,1,"12-10-2019 11:47","537 Sunset St, Dallas, TX 75001"
